order_id,product_id,quantity,unit_price,order_date,line_total
ORD-01000,CAMERA-01,3,149.99,2026-02-01,449.97
ORD-01001,GUIDE-01,1,24.95,2026-02-01,24.95
ORD-01001,BINOC-01,1,189.99,2026-02-01,189.99
ORD-01001,SEED-01,1,12.99,2026-02-01,12.99
ORD-01002,BOOTS-01,1,129.99,2026-02-01,129.99
ORD-01002,CAMERA-01,3,149.99,2026-02-01,449.97
ORD-01003,BINOC-01,3,189.99,2026-02-01,569.97
ORD-01004,SCOPE-01,2,279.99,2026-02-01,559.98
ORD-01005,SCOPE-01,1,279.99,2026-02-01,279.99
ORD-01006,GUIDE-01,3,24.95,2026-02-01,74.85
ORD-01007,CAMERA-01,1,149.99,2026-02-01,149.99
ORD-01007,GUIDE-01,1,24.95,2026-02-01,24.95
ORD-01008,FEEDER-01,1,34.99,2026-02-01,34.99
ORD-01009,SEED-01,2,12.99,2026-02-01,25.98
ORD-01009,FEEDER-01,1,34.99,2026-02-01,34.99
ORD-01010,SCOPE-01,2,279.99,2026-02-01,559.98
ORD-01010,GUIDE-01,3,24.95,2026-02-01,74.85
ORD-01010,FEEDER-01,3,34.99,2026-02-01,104.97
ORD-01011,BINOC-01,3,189.99,2026-02-01,569.97
ORD-01012,SEED-01,1,12.99,2026-02-01,12.99
ORD-01012,SCOPE-01,1,279.99,2026-02-01,279.99
ORD-01013,FEEDER-01,3,34.99,2026-02-01,104.97
ORD-01014,SEED-01,3,12.99,2026-02-01,38.97
ORD-01014,GUIDE-01,1,24.95,2026-02-01,24.95
ORD-01015,BOOTS-01,3,129.99,2026-02-01,389.97
ORD-01015,SCOPE-01,2,279.99,2026-02-01,559.98
ORD-01016,SEED-01,1,12.99,2026-02-01,12.99
ORD-01016,JOURNAL-01,1,18.99,2026-02-01,18.99
ORD-01017,SEED-01,1,12.99,2026-02-01,12.99
ORD-01017,BINOC-01,2,189.99,2026-02-01,379.98
ORD-01018,SEED-01,3,12.99,2026-02-01,38.97
ORD-01018,FEEDER-01,2,34.99,2026-02-01,69.98
ORD-01019,JOURNAL-01,1,18.99,2026-02-01,18.99
ORD-01019,SEED-01,1,12.99,2026-02-01,12.99
ORD-01020,GUIDE-01,3,24.95,2026-02-01,74.85
ORD-01021,GUIDE-01,1,24.95,2026-02-02,24.95
ORD-01021,BOOTS-01,1,129.99,2026-02-02,129.99
ORD-01022,BINOC-01,2,189.99,2026-02-02,379.98
ORD-01023,BOOTS-01,3,129.99,2026-02-02,389.97
ORD-01024,JOURNAL-01,3,18.99,2026-02-02,56.97
ORD-01025,BOOTS-01,1,129.99,2026-02-02,129.99
ORD-01025,JOURNAL-01,1,18.99,2026-02-02,18.99
ORD-01026,BINOC-01,2,189.99,2026-02-02,379.98
ORD-01026,FEEDER-01,2,34.99,2026-02-02,69.98
ORD-01026,SCOPE-01,3,279.99,2026-02-02,839.97
ORD-01027,BOOTS-01,3,129.99,2026-02-02,389.97
ORD-01027,GUIDE-01,1,24.95,2026-02-02,24.95
ORD-01027,FEEDER-01,2,34.99,2026-02-02,69.98
ORD-01028,CAMERA-01,2,149.99,2026-02-02,299.98
ORD-01028,FEEDER-01,2,34.99,2026-02-02,69.98
ORD-01028,JOURNAL-01,2,18.99,2026-02-02,37.98
ORD-01029,BOOTS-01,1,129.99,2026-02-02,129.99
ORD-01029,FEEDER-01,3,34.99,2026-02-02,104.97
ORD-01030,SCOPE-01,2,279.99,2026-02-02,559.98
ORD-01031,SEED-01,3,12.99,2026-02-02,38.97
ORD-01031,GUIDE-01,2,24.95,2026-02-02,49.9
ORD-01031,SCOPE-01,3,279.99,2026-02-02,839.97
ORD-01032,SCOPE-01,2,279.99,2026-02-02,559.98
ORD-01032,BINOC-01,1,189.99,2026-02-02,189.99
ORD-01032,JOURNAL-01,3,18.99,2026-02-02,56.97
ORD-01033,SEED-01,3,12.99,2026-02-02,38.97
ORD-01033,BINOC-01,2,189.99,2026-02-02,379.98
ORD-01033,JOURNAL-01,2,18.99,2026-02-02,37.98
ORD-01034,SCOPE-01,3,279.99,2026-02-02,839.97
ORD-01034,BOOTS-01,3,129.99,2026-02-02,389.97
ORD-01035,BOOTS-01,2,129.99,2026-02-02,259.98
ORD-01036,JOURNAL-01,1,18.99,2026-02-02,18.99
ORD-01037,BOOTS-01,2,129.99,2026-02-02,259.98
ORD-01037,GUIDE-01,1,24.95,2026-02-02,24.95
ORD-01038,SCOPE-01,3,279.99,2026-02-02,839.97
ORD-01038,SEED-01,1,12.99,2026-02-02,12.99
ORD-01038,GUIDE-01,3,24.95,2026-02-02,74.85
ORD-01039,SEED-01,2,12.99,2026-02-02,25.98
ORD-01039,SCOPE-01,2,279.99,2026-02-02,559.98
ORD-01039,BOOTS-01,3,129.99,2026-02-02,389.97
ORD-01040,GUIDE-01,1,24.95,2026-02-02,24.95
ORD-01041,JOURNAL-01,3,18.99,2026-02-02,56.97
ORD-01042,SEED-01,3,12.99,2026-02-03,38.97
ORD-01042,BOOTS-01,1,129.99,2026-02-03,129.99
ORD-01043,BOOTS-01,2,129.99,2026-02-03,259.98
ORD-01044,SCOPE-01,2,279.99,2026-02-03,559.98
ORD-01044,BOOTS-01,2,129.99,2026-02-03,259.98
ORD-01045,CAMERA-01,3,149.99,2026-02-03,449.97
ORD-01045,JOURNAL-01,1,18.99,2026-02-03,18.99
ORD-01046,SEED-01,3,12.99,2026-02-03,38.97
ORD-01046,CAMERA-01,3,149.99,2026-02-03,449.97
ORD-01047,FEEDER-01,1,34.99,2026-02-03,34.99
ORD-01047,JOURNAL-01,3,18.99,2026-02-03,56.97
ORD-01048,BOOTS-01,1,129.99,2026-02-03,129.99
ORD-01049,BOOTS-01,2,129.99,2026-02-03,259.98
ORD-01050,FEEDER-01,2,34.99,2026-02-03,69.98
ORD-01050,BOOTS-01,3,129.99,2026-02-03,389.97
ORD-01051,JOURNAL-01,2,18.99,2026-02-03,37.98
ORD-01051,BOOTS-01,1,129.99,2026-02-03,129.99
ORD-01052,BINOC-01,1,189.99,2026-02-03,189.99
ORD-01053,BOOTS-01,3,129.99,2026-02-03,389.97
ORD-01053,FEEDER-01,3,34.99,2026-02-03,104.97
ORD-01054,BOOTS-01,1,129.99,2026-02-03,129.99
ORD-01055,CAMERA-01,3,149.99,2026-02-03,449.97
ORD-01056,SCOPE-01,2,279.99,2026-02-03,559.98
ORD-01056,JOURNAL-01,3,18.99,2026-02-03,56.97
ORD-01057,JOURNAL-01,3,18.99,2026-02-03,56.97
ORD-01057,CAMERA-01,2,149.99,2026-02-03,299.98
ORD-01058,CAMERA-01,1,149.99,2026-02-03,149.99
ORD-01058,BOOTS-01,3,129.99,2026-02-03,389.97
ORD-01058,GUIDE-01,2,24.95,2026-02-03,49.9
ORD-01059,CAMERA-01,1,149.99,2026-02-03,149.99
ORD-01059,SCOPE-01,2,279.99,2026-02-03,559.98
ORD-01060,SEED-01,1,12.99,2026-02-03,12.99
ORD-01061,SCOPE-01,3,279.99,2026-02-03,839.97
ORD-01062,GUIDE-01,1,24.95,2026-02-03,24.95
ORD-01063,GUIDE-01,3,24.95,2026-02-03,74.85
ORD-01064,JOURNAL-01,2,18.99,2026-02-03,37.98
ORD-01065,CAMERA-01,2,149.99,2026-02-03,299.98
ORD-01066,JOURNAL-01,2,18.99,2026-02-03,37.98
ORD-01067,BINOC-01,2,189.99,2026-02-04,379.98
ORD-01067,JOURNAL-01,2,18.99,2026-02-04,37.98
ORD-01067,SEED-01,1,12.99,2026-02-04,12.99
ORD-01068,SEED-01,2,12.99,2026-02-04,25.98
ORD-01068,JOURNAL-01,3,18.99,2026-02-04,56.97
ORD-01068,BOOTS-01,3,129.99,2026-02-04,389.97
ORD-01069,BOOTS-01,1,129.99,2026-02-04,129.99
ORD-01069,CAMERA-01,2,149.99,2026-02-04,299.98
ORD-01070,BINOC-01,2,189.99,2026-02-04,379.98
ORD-01071,JOURNAL-01,3,18.99,2026-02-04,56.97
ORD-01072,CAMERA-01,1,149.99,2026-02-04,149.99
ORD-01073,BINOC-01,3,189.99,2026-02-04,569.97
ORD-01073,BOOTS-01,3,129.99,2026-02-04,389.97
ORD-01073,SEED-01,1,12.99,2026-02-04,12.99
ORD-01074,JOURNAL-01,1,18.99,2026-02-04,18.99
ORD-01075,GUIDE-01,2,24.95,2026-02-04,49.9
ORD-01075,BINOC-01,2,189.99,2026-02-04,379.98
ORD-01075,CAMERA-01,1,149.99,2026-02-04,149.99
ORD-01076,SCOPE-01,2,279.99,2026-02-04,559.98
ORD-01077,JOURNAL-01,2,18.99,2026-02-04,37.98
ORD-01078,CAMERA-01,3,149.99,2026-02-04,449.97
ORD-01078,BINOC-01,3,189.99,2026-02-04,569.97
ORD-01079,SCOPE-01,1,279.99,2026-02-04,279.99
ORD-01080,BINOC-01,1,189.99,2026-02-04,189.99
ORD-01080,JOURNAL-01,1,18.99,2026-02-04,18.99
ORD-01081,BINOC-01,3,189.99,2026-02-04,569.97
ORD-01082,GUIDE-01,2,24.95,2026-02-04,49.9
ORD-01083,BOOTS-01,3,129.99,2026-02-04,389.97
ORD-01083,CAMERA-01,2,149.99,2026-02-04,299.98
ORD-01084,GUIDE-01,3,24.95,2026-02-04,74.85
ORD-01084,SEED-01,3,12.99,2026-02-04,38.97
ORD-01085,GUIDE-01,1,24.95,2026-02-04,24.95
ORD-01085,CAMERA-01,3,149.99,2026-02-04,449.97
ORD-01086,SEED-01,3,12.99,2026-02-04,38.97
ORD-01087,JOURNAL-01,3,18.99,2026-02-04,56.97
ORD-01087,BOOTS-01,1,129.99,2026-02-04,129.99
ORD-01088,BOOTS-01,1,129.99,2026-02-04,129.99
ORD-01089,SEED-01,3,12.99,2026-02-04,38.97
ORD-01089,JOURNAL-01,3,18.99,2026-02-04,56.97
ORD-01090,BINOC-01,3,189.99,2026-02-04,569.97
ORD-01090,GUIDE-01,2,24.95,2026-02-04,49.9
ORD-01091,FEEDER-01,3,34.99,2026-02-04,104.97
ORD-01091,SEED-01,2,12.99,2026-02-04,25.98
ORD-01092,JOURNAL-01,2,18.99,2026-02-04,37.98
ORD-01093,SCOPE-01,3,279.99,2026-02-04,839.97
ORD-01094,CAMERA-01,2,149.99,2026-02-04,299.98
ORD-01094,SCOPE-01,1,279.99,2026-02-04,279.99
ORD-01094,FEEDER-01,3,34.99,2026-02-04,104.97
ORD-01095,SEED-01,3,12.99,2026-02-04,38.97
ORD-01095,CAMERA-01,2,149.99,2026-02-04,299.98
ORD-01096,SEED-01,2,12.99,2026-02-04,25.98
ORD-01097,FEEDER-01,1,34.99,2026-02-04,34.99
ORD-01097,GUIDE-01,2,24.95,2026-02-04,49.9
ORD-01097,BOOTS-01,3,129.99,2026-02-04,389.97
ORD-01098,JOURNAL-01,1,18.99,2026-02-04,18.99
ORD-01098,GUIDE-01,2,24.95,2026-02-04,49.9
ORD-01099,GUIDE-01,2,24.95,2026-02-04,49.9
ORD-01099,BOOTS-01,2,129.99,2026-02-04,259.98
ORD-01099,FEEDER-01,2,34.99,2026-02-04,69.98
ORD-01100,SEED-01,3,12.99,2026-02-04,38.97
ORD-01101,BOOTS-01,1,129.99,2026-02-04,129.99
ORD-01102,JOURNAL-01,2,18.99,2026-02-04,37.98
ORD-01103,BOOTS-01,2,129.99,2026-02-04,259.98
ORD-01103,SCOPE-01,3,279.99,2026-02-04,839.97
ORD-01104,CAMERA-01,1,149.99,2026-02-04,149.99
ORD-01104,JOURNAL-01,1,18.99,2026-02-04,18.99
ORD-01105,BOOTS-01,2,129.99,2026-02-05,259.98
ORD-01106,SCOPE-01,3,279.99,2026-02-05,839.97
ORD-01106,BOOTS-01,3,129.99,2026-02-05,389.97
ORD-01107,SCOPE-01,2,279.99,2026-02-05,559.98
ORD-01108,SEED-01,2,12.99,2026-02-05,25.98
ORD-01108,GUIDE-01,1,24.95,2026-02-05,24.95
ORD-01109,BOOTS-01,2,129.99,2026-02-05,259.98
ORD-01110,GUIDE-01,1,24.95,2026-02-05,24.95
ORD-01111,CAMERA-01,2,149.99,2026-02-05,299.98
ORD-01112,SEED-01,1,12.99,2026-02-05,12.99
ORD-01112,BINOC-01,2,189.99,2026-02-05,379.98
ORD-01113,GUIDE-01,2,24.95,2026-02-05,49.9
ORD-01114,GUIDE-01,2,24.95,2026-02-05,49.9
ORD-01115,BINOC-01,3,189.99,2026-02-05,569.97
ORD-01116,GUIDE-01,3,24.95,2026-02-05,74.85
ORD-01117,CAMERA-01,3,149.99,2026-02-05,449.97
ORD-01117,BINOC-01,2,189.99,2026-02-05,379.98
ORD-01117,JOURNAL-01,2,18.99,2026-02-05,37.98
ORD-01118,SCOPE-01,1,279.99,2026-02-05,279.99
ORD-01119,SEED-01,1,12.99,2026-02-05,12.99
ORD-01119,JOURNAL-01,1,18.99,2026-02-05,18.99
ORD-01119,BOOTS-01,2,129.99,2026-02-05,259.98
ORD-01120,BINOC-01,1,189.99,2026-02-05,189.99
ORD-01121,SEED-01,1,12.99,2026-02-05,12.99
ORD-01122,FEEDER-01,3,34.99,2026-02-05,104.97
ORD-01122,SEED-01,3,12.99,2026-02-05,38.97
ORD-01122,BOOTS-01,3,129.99,2026-02-05,389.97
ORD-01123,JOURNAL-01,2,18.99,2026-02-05,37.98
ORD-01124,SEED-01,2,12.99,2026-02-05,25.98
ORD-01124,JOURNAL-01,2,18.99,2026-02-05,37.98
ORD-01124,CAMERA-01,3,149.99,2026-02-05,449.97
ORD-01125,FEEDER-01,1,34.99,2026-02-05,34.99
ORD-01125,JOURNAL-01,3,18.99,2026-02-05,56.97
ORD-01126,FEEDER-01,1,34.99,2026-02-05,34.99
ORD-01127,FEEDER-01,1,34.99,2026-02-05,34.99
ORD-01128,CAMERA-01,3,149.99,2026-02-05,449.97
ORD-01129,SEED-01,1,12.99,2026-02-05,12.99
ORD-01129,BINOC-01,2,189.99,2026-02-05,379.98
ORD-01130,CAMERA-01,3,149.99,2026-02-05,449.97
ORD-01130,BINOC-01,1,189.99,2026-02-05,189.99
ORD-01131,BOOTS-01,3,129.99,2026-02-05,389.97
ORD-01131,CAMERA-01,1,149.99,2026-02-05,149.99
ORD-01131,BINOC-01,3,189.99,2026-02-05,569.97
ORD-01132,SEED-01,1,12.99,2026-02-05,12.99
ORD-01133,GUIDE-01,2,24.95,2026-02-05,49.9
ORD-01134,SEED-01,1,12.99,2026-02-06,12.99
ORD-01134,BOOTS-01,2,129.99,2026-02-06,259.98
ORD-01135,JOURNAL-01,3,18.99,2026-02-06,56.97
ORD-01135,GUIDE-01,3,24.95,2026-02-06,74.85
ORD-01136,FEEDER-01,3,34.99,2026-02-06,104.97
ORD-01137,JOURNAL-01,3,18.99,2026-02-06,56.97
ORD-01138,SEED-01,1,12.99,2026-02-06,12.99
ORD-01139,BINOC-01,3,189.99,2026-02-06,569.97
ORD-01140,BINOC-01,1,189.99,2026-02-06,189.99
ORD-01140,JOURNAL-01,2,18.99,2026-02-06,37.98
ORD-01141,CAMERA-01,1,149.99,2026-02-06,149.99
ORD-01141,GUIDE-01,3,24.95,2026-02-06,74.85
ORD-01142,CAMERA-01,1,149.99,2026-02-06,149.99
ORD-01143,JOURNAL-01,2,18.99,2026-02-06,37.98
ORD-01144,FEEDER-01,1,34.99,2026-02-06,34.99
ORD-01145,CAMERA-01,2,149.99,2026-02-06,299.98
ORD-01146,JOURNAL-01,3,18.99,2026-02-06,56.97
ORD-01146,CAMERA-01,1,149.99,2026-02-06,149.99
ORD-01147,SCOPE-01,2,279.99,2026-02-06,559.98
ORD-01148,JOURNAL-01,3,18.99,2026-02-06,56.97
ORD-01149,BINOC-01,3,189.99,2026-02-06,569.97
ORD-01149,SCOPE-01,2,279.99,2026-02-06,559.98
ORD-01150,BOOTS-01,3,129.99,2026-02-06,389.97
ORD-01151,CAMERA-01,3,149.99,2026-02-06,449.97
ORD-01152,BINOC-01,1,189.99,2026-02-06,189.99
ORD-01153,GUIDE-01,2,24.95,2026-02-06,49.9
ORD-01154,CAMERA-01,1,149.99,2026-02-06,149.99
ORD-01155,BOOTS-01,3,129.99,2026-02-06,389.97
ORD-01156,BINOC-01,3,189.99,2026-02-06,569.97
ORD-01157,BOOTS-01,1,129.99,2026-02-06,129.99
ORD-01158,FEEDER-01,3,34.99,2026-02-06,104.97
ORD-01159,CAMERA-01,2,149.99,2026-02-06,299.98
ORD-01159,SCOPE-01,3,279.99,2026-02-06,839.97
ORD-01160,JOURNAL-01,2,18.99,2026-02-06,37.98
ORD-01160,CAMERA-01,2,149.99,2026-02-06,299.98
ORD-01161,GUIDE-01,2,24.95,2026-02-06,49.9
ORD-01162,GUIDE-01,1,24.95,2026-02-06,24.95
ORD-01163,JOURNAL-01,2,18.99,2026-02-06,37.98
ORD-01164,SEED-01,2,12.99,2026-02-06,25.98
ORD-01164,JOURNAL-01,3,18.99,2026-02-06,56.97
ORD-01164,BINOC-01,2,189.99,2026-02-06,379.98
ORD-01165,CAMERA-01,1,149.99,2026-02-06,149.99
ORD-01165,JOURNAL-01,2,18.99,2026-02-06,37.98
ORD-01166,SCOPE-01,3,279.99,2026-02-06,839.97
ORD-01166,GUIDE-01,3,24.95,2026-02-06,74.85
ORD-01167,SCOPE-01,1,279.99,2026-02-06,279.99
ORD-01168,BOOTS-01,1,129.99,2026-02-06,129.99
ORD-01168,SEED-01,2,12.99,2026-02-06,25.98
ORD-01168,CAMERA-01,1,149.99,2026-02-06,149.99
ORD-01169,CAMERA-01,3,149.99,2026-02-06,449.97
ORD-01170,JOURNAL-01,3,18.99,2026-02-06,56.97
ORD-01170,BOOTS-01,1,129.99,2026-02-06,129.99
ORD-01170,SCOPE-01,2,279.99,2026-02-06,559.98
ORD-01171,GUIDE-01,2,24.95,2026-02-06,49.9
ORD-01171,SEED-01,1,12.99,2026-02-06,12.99
ORD-01171,JOURNAL-01,2,18.99,2026-02-06,37.98
ORD-01172,CAMERA-01,1,149.99,2026-02-06,149.99
ORD-01173,GUIDE-01,1,24.95,2026-02-07,24.95
ORD-01174,SEED-01,2,12.99,2026-02-07,25.98
ORD-01175,JOURNAL-01,1,18.99,2026-02-07,18.99
ORD-01175,SCOPE-01,2,279.99,2026-02-07,559.98
ORD-01176,JOURNAL-01,3,18.99,2026-02-07,56.97
ORD-01176,GUIDE-01,2,24.95,2026-02-07,49.9
ORD-01176,SCOPE-01,3,279.99,2026-02-07,839.97
ORD-01177,FEEDER-01,1,34.99,2026-02-07,34.99
ORD-01178,SEED-01,3,12.99,2026-02-07,38.97
ORD-01178,FEEDER-01,1,34.99,2026-02-07,34.99
ORD-01179,FEEDER-01,3,34.99,2026-02-07,104.97
ORD-01180,FEEDER-01,1,34.99,2026-02-07,34.99
ORD-01180,BOOTS-01,3,129.99,2026-02-07,389.97
ORD-01181,BINOC-01,1,189.99,2026-02-07,189.99
ORD-01182,BINOC-01,2,189.99,2026-02-07,379.98
ORD-01183,JOURNAL-01,1,18.99,2026-02-07,18.99
ORD-01184,JOURNAL-01,3,18.99,2026-02-07,56.97
ORD-01185,GUIDE-01,1,24.95,2026-02-07,24.95
ORD-01185,FEEDER-01,1,34.99,2026-02-07,34.99
ORD-01186,JOURNAL-01,3,18.99,2026-02-07,56.97
ORD-01186,SEED-01,1,12.99,2026-02-07,12.99
ORD-01187,GUIDE-01,1,24.95,2026-02-07,24.95
ORD-01188,SEED-01,2,12.99,2026-02-07,25.98
ORD-01189,BINOC-01,2,189.99,2026-02-07,379.98
ORD-01190,GUIDE-01,2,24.95,2026-02-07,49.9
ORD-01190,BINOC-01,3,189.99,2026-02-07,569.97
ORD-01190,BOOTS-01,2,129.99,2026-02-07,259.98
ORD-01191,JOURNAL-01,2,18.99,2026-02-07,37.98
ORD-01191,SCOPE-01,2,279.99,2026-02-07,559.98
ORD-01192,BOOTS-01,2,129.99,2026-02-07,259.98
ORD-01192,CAMERA-01,1,149.99,2026-02-07,149.99
ORD-01193,SCOPE-01,3,279.99,2026-02-07,839.97
ORD-01194,SEED-01,1,12.99,2026-02-07,12.99
ORD-01195,JOURNAL-01,3,18.99,2026-02-07,56.97
ORD-01195,GUIDE-01,3,24.95,2026-02-07,74.85
ORD-01195,BINOC-01,3,189.99,2026-02-07,569.97
ORD-01196,CAMERA-01,1,149.99,2026-02-07,149.99
ORD-01196,JOURNAL-01,3,18.99,2026-02-07,56.97
ORD-01196,GUIDE-01,2,24.95,2026-02-07,49.9
ORD-01197,SEED-01,3,12.99,2026-02-08,38.97
ORD-01197,SCOPE-01,3,279.99,2026-02-08,839.97
ORD-01198,GUIDE-01,1,24.95,2026-02-08,24.95
ORD-01198,SCOPE-01,3,279.99,2026-02-08,839.97
ORD-01199,SEED-01,2,12.99,2026-02-08,25.98
ORD-01199,JOURNAL-01,1,18.99,2026-02-08,18.99
ORD-01200,GUIDE-01,2,24.95,2026-02-08,49.9
ORD-01200,BINOC-01,2,189.99,2026-02-08,379.98
ORD-01201,GUIDE-01,1,24.95,2026-02-08,24.95
ORD-01201,FEEDER-01,3,34.99,2026-02-08,104.97
ORD-01202,SCOPE-01,2,279.99,2026-02-08,559.98
ORD-01202,SEED-01,1,12.99,2026-02-08,12.99
ORD-01202,JOURNAL-01,2,18.99,2026-02-08,37.98
ORD-01203,CAMERA-01,3,149.99,2026-02-08,449.97
ORD-01203,JOURNAL-01,2,18.99,2026-02-08,37.98
ORD-01203,GUIDE-01,1,24.95,2026-02-08,24.95
ORD-01204,FEEDER-01,1,34.99,2026-02-08,34.99
ORD-01205,BOOTS-01,3,129.99,2026-02-08,389.97
ORD-01205,JOURNAL-01,3,18.99,2026-02-08,56.97
ORD-01206,JOURNAL-01,3,18.99,2026-02-08,56.97
ORD-01206,CAMERA-01,2,149.99,2026-02-08,299.98
ORD-01207,JOURNAL-01,1,18.99,2026-02-08,18.99
ORD-01208,FEEDER-01,2,34.99,2026-02-08,69.98
ORD-01209,SEED-01,3,12.99,2026-02-08,38.97
ORD-01210,SCOPE-01,1,279.99,2026-02-08,279.99
ORD-01211,CAMERA-01,3,149.99,2026-02-08,449.97
ORD-01211,BINOC-01,3,189.99,2026-02-08,569.97
ORD-01212,BOOTS-01,3,129.99,2026-02-08,389.97
ORD-01213,CAMERA-01,3,149.99,2026-02-08,449.97
ORD-01214,JOURNAL-01,1,18.99,2026-02-08,18.99
ORD-01215,BINOC-01,2,189.99,2026-02-08,379.98
ORD-01216,FEEDER-01,3,34.99,2026-02-08,104.97
ORD-01216,BINOC-01,1,189.99,2026-02-08,189.99
ORD-01216,CAMERA-01,2,149.99,2026-02-08,299.98
ORD-01217,JOURNAL-01,3,18.99,2026-02-08,56.97
ORD-01218,GUIDE-01,3,24.95,2026-02-08,74.85
ORD-01218,BOOTS-01,1,129.99,2026-02-08,129.99
ORD-01219,JOURNAL-01,1,18.99,2026-02-08,18.99
ORD-01219,GUIDE-01,3,24.95,2026-02-08,74.85
ORD-01220,CAMERA-01,2,149.99,2026-02-08,299.98
ORD-01221,SCOPE-01,2,279.99,2026-02-08,559.98
ORD-01221,BINOC-01,3,189.99,2026-02-08,569.97
ORD-01221,CAMERA-01,3,149.99,2026-02-08,449.97
ORD-01222,JOURNAL-01,2,18.99,2026-02-08,37.98
ORD-01223,FEEDER-01,2,34.99,2026-02-08,69.98
ORD-01224,BINOC-01,2,189.99,2026-02-09,379.98
ORD-01224,CAMERA-01,1,149.99,2026-02-09,149.99
ORD-01225,BOOTS-01,1,129.99,2026-02-09,129.99
ORD-01225,BINOC-01,3,189.99,2026-02-09,569.97
ORD-01225,SEED-01,1,12.99,2026-02-09,12.99
ORD-01226,BOOTS-01,1,129.99,2026-02-09,129.99
ORD-01226,GUIDE-01,3,24.95,2026-02-09,74.85
ORD-01227,GUIDE-01,1,24.95,2026-02-09,24.95
ORD-01228,GUIDE-01,3,24.95,2026-02-09,74.85
ORD-01228,BINOC-01,1,189.99,2026-02-09,189.99
ORD-01229,SCOPE-01,1,279.99,2026-02-09,279.99
ORD-01230,BINOC-01,2,189.99,2026-02-09,379.98
ORD-01230,FEEDER-01,1,34.99,2026-02-09,34.99
ORD-01231,JOURNAL-01,3,18.99,2026-02-09,56.97
ORD-01232,FEEDER-01,2,34.99,2026-02-09,69.98
ORD-01233,SCOPE-01,3,279.99,2026-02-09,839.97
ORD-01234,CAMERA-01,1,149.99,2026-02-09,149.99
ORD-01234,SEED-01,3,12.99,2026-02-09,38.97
ORD-01235,SEED-01,2,12.99,2026-02-09,25.98
ORD-01236,BINOC-01,2,189.99,2026-02-09,379.98
ORD-01236,CAMERA-01,2,149.99,2026-02-09,299.98
ORD-01237,FEEDER-01,2,34.99,2026-02-09,69.98
ORD-01238,CAMERA-01,1,149.99,2026-02-09,149.99
ORD-01238,BINOC-01,2,189.99,2026-02-09,379.98
ORD-01239,FEEDER-01,2,34.99,2026-02-09,69.98
ORD-01239,CAMERA-01,3,149.99,2026-02-09,449.97
ORD-01240,SCOPE-01,3,279.99,2026-02-09,839.97
ORD-01240,BOOTS-01,3,129.99,2026-02-09,389.97
ORD-01241,JOURNAL-01,1,18.99,2026-02-09,18.99
ORD-01242,FEEDER-01,3,34.99,2026-02-09,104.97
ORD-01242,JOURNAL-01,3,18.99,2026-02-09,56.97
ORD-01243,BOOTS-01,1,129.99,2026-02-09,129.99
ORD-01243,CAMERA-01,2,149.99,2026-02-09,299.98
ORD-01243,JOURNAL-01,2,18.99,2026-02-09,37.98
ORD-01244,JOURNAL-01,3,18.99,2026-02-09,56.97
ORD-01244,BOOTS-01,1,129.99,2026-02-09,129.99
ORD-01245,SCOPE-01,3,279.99,2026-02-09,839.97
ORD-01246,GUIDE-01,3,24.95,2026-02-10,74.85
ORD-01247,FEEDER-01,1,34.99,2026-02-10,34.99
ORD-01247,BINOC-01,2,189.99,2026-02-10,379.98
ORD-01247,JOURNAL-01,1,18.99,2026-02-10,18.99
ORD-01248,SCOPE-01,1,279.99,2026-02-10,279.99
ORD-01248,JOURNAL-01,3,18.99,2026-02-10,56.97
ORD-01249,SCOPE-01,3,279.99,2026-02-10,839.97
ORD-01250,SCOPE-01,3,279.99,2026-02-10,839.97
ORD-01251,JOURNAL-01,1,18.99,2026-02-10,18.99
ORD-01251,CAMERA-01,2,149.99,2026-02-10,299.98
ORD-01251,SCOPE-01,3,279.99,2026-02-10,839.97
ORD-01252,FEEDER-01,3,34.99,2026-02-10,104.97
ORD-01253,GUIDE-01,2,24.95,2026-02-10,49.9
ORD-01253,SCOPE-01,1,279.99,2026-02-10,279.99
ORD-01254,SCOPE-01,3,279.99,2026-02-10,839.97
ORD-01254,JOURNAL-01,2,18.99,2026-02-10,37.98
ORD-01255,SEED-01,3,12.99,2026-02-10,38.97
ORD-01256,JOURNAL-01,3,18.99,2026-02-10,56.97
ORD-01257,BINOC-01,3,189.99,2026-02-10,569.97
ORD-01257,SEED-01,2,12.99,2026-02-10,25.98
ORD-01257,SCOPE-01,1,279.99,2026-02-10,279.99
ORD-01258,SEED-01,2,12.99,2026-02-10,25.98
ORD-01259,GUIDE-01,1,24.95,2026-02-10,24.95
ORD-01260,JOURNAL-01,1,18.99,2026-02-10,18.99
ORD-01260,BINOC-01,3,189.99,2026-02-10,569.97
ORD-01261,BINOC-01,3,189.99,2026-02-10,569.97
ORD-01261,CAMERA-01,3,149.99,2026-02-10,449.97
ORD-01262,JOURNAL-01,2,18.99,2026-02-10,37.98
ORD-01263,SCOPE-01,2,279.99,2026-02-10,559.98
ORD-01264,FEEDER-01,1,34.99,2026-02-10,34.99
ORD-01264,BINOC-01,1,189.99,2026-02-10,189.99
ORD-01265,BINOC-01,1,189.99,2026-02-10,189.99
ORD-01265,SCOPE-01,2,279.99,2026-02-10,559.98
ORD-01266,JOURNAL-01,2,18.99,2026-02-10,37.98
ORD-01267,JOURNAL-01,1,18.99,2026-02-10,18.99
ORD-01267,GUIDE-01,3,24.95,2026-02-10,74.85
ORD-01268,JOURNAL-01,1,18.99,2026-02-10,18.99
ORD-01269,CAMERA-01,3,149.99,2026-02-10,449.97
ORD-01270,BINOC-01,2,189.99,2026-02-10,379.98
ORD-01270,FEEDER-01,3,34.99,2026-02-10,104.97
ORD-01271,BOOTS-01,2,129.99,2026-02-10,259.98
ORD-01272,GUIDE-01,2,24.95,2026-02-10,49.9
ORD-01272,JOURNAL-01,2,18.99,2026-02-10,37.98
ORD-01272,CAMERA-01,1,149.99,2026-02-10,149.99
ORD-01273,JOURNAL-01,1,18.99,2026-02-10,18.99
ORD-01274,BOOTS-01,3,129.99,2026-02-11,389.97
ORD-01275,SCOPE-01,2,279.99,2026-02-11,559.98
ORD-01275,BINOC-01,3,189.99,2026-02-11,569.97
ORD-01276,BINOC-01,2,189.99,2026-02-11,379.98
ORD-01277,SCOPE-01,3,279.99,2026-02-11,839.97
ORD-01277,SEED-01,2,12.99,2026-02-11,25.98
ORD-01277,BOOTS-01,3,129.99,2026-02-11,389.97
ORD-01278,SEED-01,2,12.99,2026-02-11,25.98
ORD-01278,BINOC-01,1,189.99,2026-02-11,189.99
ORD-01279,GUIDE-01,2,24.95,2026-02-11,49.9
ORD-01279,JOURNAL-01,3,18.99,2026-02-11,56.97
ORD-01279,SEED-01,2,12.99,2026-02-11,25.98
ORD-01280,FEEDER-01,1,34.99,2026-02-11,34.99
ORD-01281,JOURNAL-01,3,18.99,2026-02-11,56.97
ORD-01282,SEED-01,3,12.99,2026-02-11,38.97
ORD-01283,SCOPE-01,1,279.99,2026-02-11,279.99
ORD-01284,FEEDER-01,3,34.99,2026-02-11,104.97
ORD-01285,SCOPE-01,3,279.99,2026-02-11,839.97
ORD-01285,GUIDE-01,3,24.95,2026-02-11,74.85
ORD-01286,BOOTS-01,1,129.99,2026-02-11,129.99
ORD-01286,BINOC-01,2,189.99,2026-02-11,379.98
ORD-01287,GUIDE-01,3,24.95,2026-02-11,74.85
ORD-01288,CAMERA-01,2,149.99,2026-02-11,299.98
ORD-01289,CAMERA-01,3,149.99,2026-02-11,449.97
ORD-01289,SCOPE-01,3,279.99,2026-02-11,839.97
ORD-01290,SCOPE-01,3,279.99,2026-02-11,839.97
ORD-01290,JOURNAL-01,2,18.99,2026-02-11,37.98
ORD-01291,FEEDER-01,2,34.99,2026-02-11,69.98
ORD-01292,SEED-01,2,12.99,2026-02-11,25.98
ORD-01293,SCOPE-01,1,279.99,2026-02-11,279.99
ORD-01293,SEED-01,2,12.99,2026-02-11,25.98
ORD-01294,BINOC-01,1,189.99,2026-02-11,189.99
ORD-01295,SEED-01,1,12.99,2026-02-11,12.99
ORD-01296,FEEDER-01,3,34.99,2026-02-11,104.97
ORD-01296,SEED-01,3,12.99,2026-02-11,38.97
ORD-01297,BINOC-01,2,189.99,2026-02-11,379.98
ORD-01298,SCOPE-01,2,279.99,2026-02-12,559.98
ORD-01298,SEED-01,3,12.99,2026-02-12,38.97
ORD-01299,BINOC-01,2,189.99,2026-02-12,379.98
ORD-01300,SCOPE-01,3,279.99,2026-02-12,839.97
ORD-01301,GUIDE-01,1,24.95,2026-02-12,24.95
ORD-01302,CAMERA-01,2,149.99,2026-02-12,299.98
ORD-01303,GUIDE-01,2,24.95,2026-02-12,49.9
ORD-01303,CAMERA-01,2,149.99,2026-02-12,299.98
ORD-01304,SCOPE-01,3,279.99,2026-02-12,839.97
ORD-01305,SCOPE-01,2,279.99,2026-02-12,559.98
ORD-01305,BINOC-01,1,189.99,2026-02-12,189.99
ORD-01306,JOURNAL-01,2,18.99,2026-02-12,37.98
ORD-01306,GUIDE-01,3,24.95,2026-02-12,74.85
ORD-01307,GUIDE-01,3,24.95,2026-02-12,74.85
ORD-01307,CAMERA-01,3,149.99,2026-02-12,449.97
ORD-01307,BINOC-01,1,189.99,2026-02-12,189.99
ORD-01308,SEED-01,3,12.99,2026-02-12,38.97
ORD-01308,SCOPE-01,2,279.99,2026-02-12,559.98
ORD-01308,JOURNAL-01,1,18.99,2026-02-12,18.99
ORD-01309,FEEDER-01,3,34.99,2026-02-12,104.97
ORD-01309,GUIDE-01,2,24.95,2026-02-12,49.9
ORD-01310,SCOPE-01,1,279.99,2026-02-12,279.99
ORD-01310,JOURNAL-01,3,18.99,2026-02-12,56.97
ORD-01311,FEEDER-01,3,34.99,2026-02-12,104.97
ORD-01311,SCOPE-01,2,279.99,2026-02-12,559.98
ORD-01312,BINOC-01,2,189.99,2026-02-12,379.98
ORD-01312,GUIDE-01,1,24.95,2026-02-12,24.95
ORD-01313,SCOPE-01,1,279.99,2026-02-12,279.99
ORD-01313,JOURNAL-01,1,18.99,2026-02-12,18.99
ORD-01313,BOOTS-01,1,129.99,2026-02-12,129.99
ORD-01314,SEED-01,1,12.99,2026-02-12,12.99
ORD-01315,BINOC-01,2,189.99,2026-02-12,379.98
ORD-01315,SCOPE-01,3,279.99,2026-02-12,839.97
ORD-01316,JOURNAL-01,1,18.99,2026-02-12,18.99
ORD-01317,GUIDE-01,3,24.95,2026-02-12,74.85
ORD-01318,JOURNAL-01,2,18.99,2026-02-12,37.98
ORD-01319,BOOTS-01,3,129.99,2026-02-12,389.97
ORD-01319,CAMERA-01,2,149.99,2026-02-12,299.98
ORD-01320,CAMERA-01,3,149.99,2026-02-12,449.97
ORD-01320,FEEDER-01,1,34.99,2026-02-12,34.99
ORD-01321,CAMERA-01,1,149.99,2026-02-12,149.99
ORD-01322,CAMERA-01,2,149.99,2026-02-12,299.98
ORD-01323,JOURNAL-01,3,18.99,2026-02-12,56.97
ORD-01323,SEED-01,2,12.99,2026-02-12,25.98
ORD-01324,BOOTS-01,1,129.99,2026-02-12,129.99
ORD-01324,JOURNAL-01,2,18.99,2026-02-12,37.98
ORD-01324,SEED-01,1,12.99,2026-02-12,12.99
ORD-01325,SCOPE-01,1,279.99,2026-02-12,279.99
ORD-01325,SEED-01,3,12.99,2026-02-12,38.97
ORD-01326,FEEDER-01,1,34.99,2026-02-12,34.99
ORD-01326,GUIDE-01,1,24.95,2026-02-12,24.95
ORD-01327,GUIDE-01,2,24.95,2026-02-12,49.9
ORD-01328,BOOTS-01,2,129.99,2026-02-12,259.98
ORD-01329,BINOC-01,2,189.99,2026-02-12,379.98
ORD-01329,BOOTS-01,3,129.99,2026-02-12,389.97
ORD-01329,CAMERA-01,2,149.99,2026-02-12,299.98
ORD-01330,FEEDER-01,2,34.99,2026-02-12,69.98
ORD-01331,SCOPE-01,1,279.99,2026-02-12,279.99
ORD-01332,SCOPE-01,1,279.99,2026-02-12,279.99
ORD-01332,JOURNAL-01,1,18.99,2026-02-12,18.99
ORD-01333,CAMERA-01,3,149.99,2026-02-12,449.97
ORD-01334,CAMERA-01,3,149.99,2026-02-12,449.97
ORD-01334,BOOTS-01,1,129.99,2026-02-12,129.99
ORD-01335,BINOC-01,1,189.99,2026-02-12,189.99
ORD-01335,GUIDE-01,3,24.95,2026-02-12,74.85
ORD-01335,FEEDER-01,3,34.99,2026-02-12,104.97
ORD-01336,FEEDER-01,2,34.99,2026-02-13,69.98
ORD-01336,JOURNAL-01,1,18.99,2026-02-13,18.99
ORD-01337,BINOC-01,1,189.99,2026-02-13,189.99
ORD-01338,CAMERA-01,1,149.99,2026-02-13,149.99
ORD-01339,CAMERA-01,3,149.99,2026-02-13,449.97
ORD-01340,BOOTS-01,1,129.99,2026-02-13,129.99
ORD-01340,SCOPE-01,2,279.99,2026-02-13,559.98
ORD-01341,SCOPE-01,1,279.99,2026-02-13,279.99
ORD-01342,GUIDE-01,3,24.95,2026-02-13,74.85
ORD-01342,SCOPE-01,1,279.99,2026-02-13,279.99
ORD-01343,SCOPE-01,3,279.99,2026-02-13,839.97
ORD-01343,BINOC-01,3,189.99,2026-02-13,569.97
ORD-01344,BINOC-01,2,189.99,2026-02-13,379.98
ORD-01344,BOOTS-01,1,129.99,2026-02-13,129.99
ORD-01345,SCOPE-01,3,279.99,2026-02-13,839.97
ORD-01345,GUIDE-01,1,24.95,2026-02-13,24.95
ORD-01346,FEEDER-01,2,34.99,2026-02-13,69.98
ORD-01347,FEEDER-01,3,34.99,2026-02-13,104.97
ORD-01348,SCOPE-01,1,279.99,2026-02-13,279.99
ORD-01348,FEEDER-01,2,34.99,2026-02-13,69.98
ORD-01349,GUIDE-01,3,24.95,2026-02-13,74.85
ORD-01349,JOURNAL-01,2,18.99,2026-02-13,37.98
ORD-01350,CAMERA-01,1,149.99,2026-02-13,149.99
ORD-01350,SCOPE-01,1,279.99,2026-02-13,279.99
ORD-01350,FEEDER-01,3,34.99,2026-02-13,104.97
ORD-01351,CAMERA-01,2,149.99,2026-02-13,299.98
ORD-01351,BINOC-01,1,189.99,2026-02-13,189.99
ORD-01352,BOOTS-01,1,129.99,2026-02-13,129.99
ORD-01353,SEED-01,3,12.99,2026-02-13,38.97
ORD-01354,CAMERA-01,2,149.99,2026-02-13,299.98
ORD-01355,BOOTS-01,2,129.99,2026-02-13,259.98
ORD-01356,BINOC-01,3,189.99,2026-02-13,569.97
ORD-01357,FEEDER-01,2,34.99,2026-02-13,69.98
ORD-01358,JOURNAL-01,3,18.99,2026-02-13,56.97
ORD-01359,JOURNAL-01,2,18.99,2026-02-13,37.98
ORD-01360,CAMERA-01,2,149.99,2026-02-13,299.98
ORD-01360,SCOPE-01,3,279.99,2026-02-13,839.97
ORD-01360,BOOTS-01,2,129.99,2026-02-13,259.98
ORD-01361,JOURNAL-01,2,18.99,2026-02-13,37.98
ORD-01361,BINOC-01,3,189.99,2026-02-13,569.97
ORD-01362,GUIDE-01,2,24.95,2026-02-13,49.9
ORD-01362,SEED-01,1,12.99,2026-02-13,12.99
ORD-01362,CAMERA-01,1,149.99,2026-02-13,149.99
ORD-01363,SEED-01,2,12.99,2026-02-13,25.98
ORD-01364,JOURNAL-01,1,18.99,2026-02-13,18.99
ORD-01365,SCOPE-01,1,279.99,2026-02-13,279.99
ORD-01365,BOOTS-01,3,129.99,2026-02-13,389.97
ORD-01366,SCOPE-01,2,279.99,2026-02-13,559.98
ORD-01366,SEED-01,3,12.99,2026-02-13,38.97
ORD-01366,BOOTS-01,1,129.99,2026-02-13,129.99
ORD-01367,JOURNAL-01,2,18.99,2026-02-13,37.98
ORD-01368,GUIDE-01,1,24.95,2026-02-13,24.95
ORD-01368,BINOC-01,3,189.99,2026-02-13,569.97
ORD-01369,CAMERA-01,1,149.99,2026-02-13,149.99
ORD-01369,BINOC-01,1,189.99,2026-02-13,189.99
ORD-01370,SCOPE-01,2,279.99,2026-02-13,559.98
ORD-01371,BINOC-01,3,189.99,2026-02-13,569.97
ORD-01372,CAMERA-01,2,149.99,2026-02-13,299.98
ORD-01373,FEEDER-01,3,34.99,2026-02-13,104.97
ORD-01374,SCOPE-01,2,279.99,2026-02-13,559.98
ORD-01375,BOOTS-01,1,129.99,2026-02-14,129.99
ORD-01375,BINOC-01,3,189.99,2026-02-14,569.97
ORD-01376,JOURNAL-01,3,18.99,2026-02-14,56.97
ORD-01377,SEED-01,3,12.99,2026-02-14,38.97
ORD-01378,SEED-01,3,12.99,2026-02-14,38.97
ORD-01379,CAMERA-01,1,149.99,2026-02-14,149.99
ORD-01379,FEEDER-01,1,34.99,2026-02-14,34.99
ORD-01379,BINOC-01,2,189.99,2026-02-14,379.98
ORD-01380,CAMERA-01,1,149.99,2026-02-14,149.99
ORD-01381,SCOPE-01,2,279.99,2026-02-14,559.98
ORD-01381,CAMERA-01,3,149.99,2026-02-14,449.97
ORD-01382,SEED-01,2,12.99,2026-02-14,25.98
ORD-01383,GUIDE-01,3,24.95,2026-02-14,74.85
ORD-01383,JOURNAL-01,1,18.99,2026-02-14,18.99
ORD-01383,CAMERA-01,1,149.99,2026-02-14,149.99
ORD-01384,GUIDE-01,1,24.95,2026-02-14,24.95
ORD-01384,FEEDER-01,2,34.99,2026-02-14,69.98
ORD-01384,BOOTS-01,3,129.99,2026-02-14,389.97
ORD-01385,CAMERA-01,3,149.99,2026-02-14,449.97
ORD-01385,JOURNAL-01,1,18.99,2026-02-14,18.99
ORD-01386,FEEDER-01,2,34.99,2026-02-14,69.98
ORD-01386,BINOC-01,2,189.99,2026-02-14,379.98
ORD-01387,CAMERA-01,2,149.99,2026-02-14,299.98
ORD-01387,SEED-01,3,12.99,2026-02-14,38.97
ORD-01387,BOOTS-01,1,129.99,2026-02-14,129.99
ORD-01388,SCOPE-01,3,279.99,2026-02-14,839.97
ORD-01389,CAMERA-01,3,149.99,2026-02-14,449.97
ORD-01390,GUIDE-01,3,24.95,2026-02-14,74.85
ORD-01390,JOURNAL-01,3,18.99,2026-02-14,56.97
ORD-01391,GUIDE-01,3,24.95,2026-02-14,74.85
ORD-01391,BOOTS-01,1,129.99,2026-02-14,129.99
ORD-01392,GUIDE-01,1,24.95,2026-02-14,24.95
ORD-01392,CAMERA-01,1,149.99,2026-02-14,149.99
ORD-01393,BOOTS-01,2,129.99,2026-02-14,259.98
ORD-01394,SEED-01,2,12.99,2026-02-14,25.98
ORD-01394,JOURNAL-01,1,18.99,2026-02-14,18.99
ORD-01394,BINOC-01,3,189.99,2026-02-14,569.97
ORD-01395,SEED-01,2,12.99,2026-02-14,25.98
ORD-01395,FEEDER-01,3,34.99,2026-02-14,104.97
ORD-01395,SCOPE-01,3,279.99,2026-02-14,839.97
ORD-01396,GUIDE-01,3,24.95,2026-02-14,74.85
ORD-01397,GUIDE-01,3,24.95,2026-02-14,74.85
ORD-01397,FEEDER-01,3,34.99,2026-02-14,104.97
ORD-01397,SCOPE-01,3,279.99,2026-02-14,839.97
ORD-01398,BINOC-01,1,189.99,2026-02-14,189.99
ORD-01399,SEED-01,3,12.99,2026-02-14,38.97
ORD-01400,JOURNAL-01,3,18.99,2026-02-14,56.97
ORD-01401,CAMERA-01,3,149.99,2026-02-14,449.97
ORD-01401,SCOPE-01,2,279.99,2026-02-14,559.98
ORD-01402,SEED-01,1,12.99,2026-02-14,12.99
ORD-01402,BOOTS-01,3,129.99,2026-02-14,389.97
ORD-01403,CAMERA-01,1,149.99,2026-02-14,149.99
ORD-01404,GUIDE-01,2,24.95,2026-02-14,49.9
ORD-01404,BOOTS-01,2,129.99,2026-02-14,259.98
ORD-01405,GUIDE-01,2,24.95,2026-02-15,49.9
ORD-01406,SCOPE-01,2,279.99,2026-02-15,559.98
ORD-01406,CAMERA-01,1,149.99,2026-02-15,149.99
ORD-01406,GUIDE-01,2,24.95,2026-02-15,49.9
ORD-01407,FEEDER-01,1,34.99,2026-02-15,34.99
ORD-01407,GUIDE-01,2,24.95,2026-02-15,49.9
ORD-01408,CAMERA-01,1,149.99,2026-02-15,149.99
ORD-01409,BINOC-01,2,189.99,2026-02-15,379.98
ORD-01410,JOURNAL-01,2,18.99,2026-02-15,37.98
ORD-01410,FEEDER-01,3,34.99,2026-02-15,104.97
ORD-01410,CAMERA-01,3,149.99,2026-02-15,449.97
ORD-01411,GUIDE-01,2,24.95,2026-02-15,49.9
ORD-01412,CAMERA-01,2,149.99,2026-02-15,299.98
ORD-01412,BOOTS-01,1,129.99,2026-02-15,129.99
ORD-01412,GUIDE-01,1,24.95,2026-02-15,24.95
ORD-01413,CAMERA-01,3,149.99,2026-02-15,449.97
ORD-01413,FEEDER-01,2,34.99,2026-02-15,69.98
ORD-01413,JOURNAL-01,1,18.99,2026-02-15,18.99
ORD-01414,CAMERA-01,3,149.99,2026-02-15,449.97
ORD-01415,CAMERA-01,1,149.99,2026-02-15,149.99
ORD-01415,GUIDE-01,1,24.95,2026-02-15,24.95
ORD-01415,SEED-01,2,12.99,2026-02-15,25.98
ORD-01416,SEED-01,3,12.99,2026-02-15,38.97
ORD-01417,JOURNAL-01,2,18.99,2026-02-15,37.98
ORD-01418,BINOC-01,3,189.99,2026-02-15,569.97
ORD-01419,SCOPE-01,2,279.99,2026-02-15,559.98
ORD-01419,SEED-01,1,12.99,2026-02-15,12.99
ORD-01420,CAMERA-01,3,149.99,2026-02-15,449.97
ORD-01421,FEEDER-01,1,34.99,2026-02-15,34.99
ORD-01422,JOURNAL-01,3,18.99,2026-02-15,56.97
ORD-01422,GUIDE-01,2,24.95,2026-02-15,49.9
ORD-01422,CAMERA-01,1,149.99,2026-02-15,149.99
ORD-01423,JOURNAL-01,3,18.99,2026-02-15,56.97
ORD-01424,BINOC-01,1,189.99,2026-02-15,189.99
ORD-01425,CAMERA-01,2,149.99,2026-02-15,299.98
ORD-01425,SEED-01,1,12.99,2026-02-15,12.99
ORD-01426,GUIDE-01,3,24.95,2026-02-15,74.85
ORD-01426,CAMERA-01,2,149.99,2026-02-15,299.98
ORD-01427,SEED-01,3,12.99,2026-02-15,38.97
ORD-01428,CAMERA-01,3,149.99,2026-02-15,449.97
ORD-01429,CAMERA-01,1,149.99,2026-02-15,149.99
ORD-01429,JOURNAL-01,2,18.99,2026-02-15,37.98
ORD-01430,FEEDER-01,2,34.99,2026-02-15,69.98
ORD-01431,BINOC-01,2,189.99,2026-02-15,379.98
ORD-01431,SEED-01,2,12.99,2026-02-15,25.98
ORD-01432,BOOTS-01,3,129.99,2026-02-15,389.97
ORD-01432,SCOPE-01,2,279.99,2026-02-15,559.98
ORD-01432,BINOC-01,1,189.99,2026-02-15,189.99
ORD-01433,JOURNAL-01,3,18.99,2026-02-15,56.97
ORD-01433,FEEDER-01,1,34.99,2026-02-15,34.99
ORD-01434,FEEDER-01,1,34.99,2026-02-15,34.99
ORD-01435,SCOPE-01,2,279.99,2026-02-15,559.98
ORD-01436,BOOTS-01,2,129.99,2026-02-15,259.98
ORD-01437,CAMERA-01,3,149.99,2026-02-15,449.97
ORD-01437,JOURNAL-01,3,18.99,2026-02-15,56.97
ORD-01438,GUIDE-01,3,24.95,2026-02-15,74.85
ORD-01439,CAMERA-01,2,149.99,2026-02-16,299.98
ORD-01439,SEED-01,2,12.99,2026-02-16,25.98
ORD-01440,CAMERA-01,3,149.99,2026-02-16,449.97
ORD-01440,SEED-01,2,12.99,2026-02-16,25.98
ORD-01440,GUIDE-01,3,24.95,2026-02-16,74.85
ORD-01441,SEED-01,2,12.99,2026-02-16,25.98
ORD-01441,CAMERA-01,1,149.99,2026-02-16,149.99
ORD-01442,SEED-01,1,12.99,2026-02-16,12.99
ORD-01442,CAMERA-01,2,149.99,2026-02-16,299.98
ORD-01442,GUIDE-01,2,24.95,2026-02-16,49.9
ORD-01443,CAMERA-01,2,149.99,2026-02-16,299.98
ORD-01443,GUIDE-01,2,24.95,2026-02-16,49.9
ORD-01444,SEED-01,1,12.99,2026-02-16,12.99
ORD-01444,GUIDE-01,3,24.95,2026-02-16,74.85
ORD-01445,JOURNAL-01,2,18.99,2026-02-16,37.98
ORD-01445,BOOTS-01,1,129.99,2026-02-16,129.99
ORD-01446,SEED-01,3,12.99,2026-02-16,38.97
ORD-01447,CAMERA-01,3,149.99,2026-02-16,449.97
ORD-01448,CAMERA-01,1,149.99,2026-02-16,149.99
ORD-01449,SEED-01,3,12.99,2026-02-16,38.97
ORD-01450,GUIDE-01,3,24.95,2026-02-16,74.85
ORD-01450,BINOC-01,3,189.99,2026-02-16,569.97
ORD-01451,BOOTS-01,3,129.99,2026-02-16,389.97
ORD-01451,BINOC-01,3,189.99,2026-02-16,569.97
ORD-01452,BOOTS-01,1,129.99,2026-02-16,129.99
ORD-01453,SCOPE-01,3,279.99,2026-02-16,839.97
ORD-01454,GUIDE-01,1,24.95,2026-02-16,24.95
ORD-01455,GUIDE-01,2,24.95,2026-02-16,49.9
ORD-01455,BOOTS-01,2,129.99,2026-02-16,259.98
ORD-01455,SCOPE-01,3,279.99,2026-02-16,839.97
ORD-01456,SEED-01,2,12.99,2026-02-16,25.98
ORD-01457,BINOC-01,1,189.99,2026-02-16,189.99
ORD-01458,BOOTS-01,3,129.99,2026-02-16,389.97
ORD-01458,SEED-01,3,12.99,2026-02-16,38.97
ORD-01459,BINOC-01,1,189.99,2026-02-16,189.99
ORD-01459,FEEDER-01,1,34.99,2026-02-16,34.99
ORD-01459,BOOTS-01,2,129.99,2026-02-16,259.98
ORD-01460,GUIDE-01,2,24.95,2026-02-16,49.9
ORD-01460,SCOPE-01,1,279.99,2026-02-16,279.99
ORD-01461,FEEDER-01,2,34.99,2026-02-16,69.98
ORD-01462,CAMERA-01,1,149.99,2026-02-16,149.99
ORD-01463,CAMERA-01,1,149.99,2026-02-16,149.99
ORD-01463,GUIDE-01,2,24.95,2026-02-16,49.9
ORD-01463,FEEDER-01,1,34.99,2026-02-16,34.99
ORD-01464,SEED-01,1,12.99,2026-02-16,12.99
ORD-01464,SCOPE-01,1,279.99,2026-02-16,279.99
ORD-01465,BOOTS-01,3,129.99,2026-02-17,389.97
ORD-01465,FEEDER-01,3,34.99,2026-02-17,104.97
ORD-01466,JOURNAL-01,1,18.99,2026-02-17,18.99
ORD-01466,SEED-01,2,12.99,2026-02-17,25.98
ORD-01466,GUIDE-01,3,24.95,2026-02-17,74.85
ORD-01467,GUIDE-01,2,24.95,2026-02-17,49.9
ORD-01468,BOOTS-01,1,129.99,2026-02-17,129.99
ORD-01469,BOOTS-01,2,129.99,2026-02-17,259.98
ORD-01470,SCOPE-01,3,279.99,2026-02-17,839.97
ORD-01470,GUIDE-01,3,24.95,2026-02-17,74.85
ORD-01471,SEED-01,2,12.99,2026-02-17,25.98
ORD-01471,SCOPE-01,3,279.99,2026-02-17,839.97
ORD-01472,FEEDER-01,2,34.99,2026-02-17,69.98
ORD-01473,JOURNAL-01,3,18.99,2026-02-17,56.97
ORD-01474,SEED-01,1,12.99,2026-02-17,12.99
ORD-01474,SCOPE-01,3,279.99,2026-02-17,839.97
ORD-01475,SEED-01,1,12.99,2026-02-17,12.99
ORD-01475,GUIDE-01,1,24.95,2026-02-17,24.95
ORD-01475,CAMERA-01,1,149.99,2026-02-17,149.99
ORD-01476,CAMERA-01,3,149.99,2026-02-17,449.97
ORD-01477,SCOPE-01,3,279.99,2026-02-17,839.97
ORD-01477,BOOTS-01,2,129.99,2026-02-17,259.98
ORD-01477,CAMERA-01,3,149.99,2026-02-17,449.97
ORD-01478,BOOTS-01,1,129.99,2026-02-17,129.99
ORD-01478,JOURNAL-01,3,18.99,2026-02-17,56.97
ORD-01479,FEEDER-01,2,34.99,2026-02-17,69.98
ORD-01479,SEED-01,3,12.99,2026-02-17,38.97
ORD-01480,FEEDER-01,1,34.99,2026-02-17,34.99
ORD-01480,SEED-01,1,12.99,2026-02-17,12.99
ORD-01481,BOOTS-01,3,129.99,2026-02-17,389.97
ORD-01481,SEED-01,1,12.99,2026-02-17,12.99
ORD-01482,CAMERA-01,1,149.99,2026-02-17,149.99
ORD-01483,CAMERA-01,3,149.99,2026-02-17,449.97
ORD-01483,BINOC-01,2,189.99,2026-02-17,379.98
ORD-01484,CAMERA-01,3,149.99,2026-02-17,449.97
ORD-01484,FEEDER-01,2,34.99,2026-02-17,69.98
ORD-01485,BINOC-01,3,189.99,2026-02-17,569.97
ORD-01486,SEED-01,3,12.99,2026-02-17,38.97
ORD-01487,SEED-01,1,12.99,2026-02-17,12.99
ORD-01488,FEEDER-01,2,34.99,2026-02-17,69.98
ORD-01488,BINOC-01,2,189.99,2026-02-17,379.98
ORD-01489,BINOC-01,2,189.99,2026-02-17,379.98
ORD-01489,CAMERA-01,1,149.99,2026-02-17,149.99
ORD-01490,GUIDE-01,1,24.95,2026-02-17,24.95
ORD-01491,JOURNAL-01,2,18.99,2026-02-17,37.98
ORD-01491,GUIDE-01,2,24.95,2026-02-17,49.9
ORD-01492,JOURNAL-01,3,18.99,2026-02-17,56.97
ORD-01492,BOOTS-01,3,129.99,2026-02-17,389.97
ORD-01492,BINOC-01,3,189.99,2026-02-17,569.97
ORD-01493,SCOPE-01,1,279.99,2026-02-17,279.99
ORD-01494,JOURNAL-01,3,18.99,2026-02-17,56.97
ORD-01495,BOOTS-01,1,129.99,2026-02-18,129.99
ORD-01495,JOURNAL-01,1,18.99,2026-02-18,18.99
ORD-01496,CAMERA-01,3,149.99,2026-02-18,449.97
ORD-01496,SCOPE-01,2,279.99,2026-02-18,559.98
ORD-01496,JOURNAL-01,3,18.99,2026-02-18,56.97
ORD-01497,BOOTS-01,1,129.99,2026-02-18,129.99
ORD-01498,GUIDE-01,2,24.95,2026-02-18,49.9
ORD-01499,FEEDER-01,1,34.99,2026-02-18,34.99
ORD-01500,JOURNAL-01,1,18.99,2026-02-18,18.99
ORD-01500,SEED-01,1,12.99,2026-02-18,12.99
ORD-01501,FEEDER-01,3,34.99,2026-02-18,104.97
ORD-01502,BINOC-01,1,189.99,2026-02-18,189.99
ORD-01503,JOURNAL-01,1,18.99,2026-02-18,18.99
ORD-01503,BOOTS-01,3,129.99,2026-02-18,389.97
ORD-01504,BINOC-01,1,189.99,2026-02-18,189.99
ORD-01505,SEED-01,3,12.99,2026-02-18,38.97
ORD-01505,FEEDER-01,3,34.99,2026-02-18,104.97
ORD-01506,SCOPE-01,1,279.99,2026-02-18,279.99
ORD-01507,GUIDE-01,3,24.95,2026-02-18,74.85
ORD-01508,JOURNAL-01,2,18.99,2026-02-18,37.98
ORD-01508,GUIDE-01,1,24.95,2026-02-18,24.95
ORD-01509,GUIDE-01,3,24.95,2026-02-18,74.85
ORD-01509,SCOPE-01,2,279.99,2026-02-18,559.98
ORD-01510,BINOC-01,3,189.99,2026-02-18,569.97
ORD-01510,GUIDE-01,3,24.95,2026-02-18,74.85
ORD-01511,SCOPE-01,3,279.99,2026-02-18,839.97
ORD-01512,GUIDE-01,2,24.95,2026-02-18,49.9
ORD-01513,CAMERA-01,1,149.99,2026-02-18,149.99
ORD-01514,SEED-01,3,12.99,2026-02-18,38.97
ORD-01514,JOURNAL-01,1,18.99,2026-02-18,18.99
ORD-01515,BINOC-01,2,189.99,2026-02-18,379.98
ORD-01515,SEED-01,2,12.99,2026-02-18,25.98
ORD-01516,GUIDE-01,1,24.95,2026-02-18,24.95
ORD-01516,BOOTS-01,2,129.99,2026-02-18,259.98
ORD-01517,FEEDER-01,2,34.99,2026-02-18,69.98
ORD-01518,FEEDER-01,3,34.99,2026-02-18,104.97
ORD-01518,SEED-01,1,12.99,2026-02-18,12.99
ORD-01519,BINOC-01,1,189.99,2026-02-19,189.99
ORD-01520,BOOTS-01,2,129.99,2026-02-19,259.98
ORD-01521,SCOPE-01,2,279.99,2026-02-19,559.98
ORD-01522,BINOC-01,3,189.99,2026-02-19,569.97
ORD-01522,FEEDER-01,1,34.99,2026-02-19,34.99
ORD-01522,JOURNAL-01,3,18.99,2026-02-19,56.97
ORD-01523,CAMERA-01,3,149.99,2026-02-19,449.97
ORD-01523,FEEDER-01,3,34.99,2026-02-19,104.97
ORD-01523,SCOPE-01,1,279.99,2026-02-19,279.99
ORD-01524,BOOTS-01,3,129.99,2026-02-19,389.97
ORD-01525,SEED-01,2,12.99,2026-02-19,25.98
ORD-01526,SCOPE-01,2,279.99,2026-02-19,559.98
ORD-01527,CAMERA-01,2,149.99,2026-02-19,299.98
ORD-01528,CAMERA-01,2,149.99,2026-02-19,299.98
ORD-01529,SCOPE-01,1,279.99,2026-02-19,279.99
ORD-01529,GUIDE-01,3,24.95,2026-02-19,74.85
ORD-01529,BOOTS-01,1,129.99,2026-02-19,129.99
ORD-01530,BINOC-01,3,189.99,2026-02-19,569.97
ORD-01530,GUIDE-01,3,24.95,2026-02-19,74.85
ORD-01531,JOURNAL-01,1,18.99,2026-02-19,18.99
ORD-01531,GUIDE-01,1,24.95,2026-02-19,24.95
ORD-01532,JOURNAL-01,3,18.99,2026-02-19,56.97
ORD-01533,CAMERA-01,3,149.99,2026-02-19,449.97
ORD-01533,SEED-01,3,12.99,2026-02-19,38.97
ORD-01534,CAMERA-01,3,149.99,2026-02-19,449.97
ORD-01535,CAMERA-01,1,149.99,2026-02-19,149.99
ORD-01535,BOOTS-01,3,129.99,2026-02-19,389.97
ORD-01536,GUIDE-01,3,24.95,2026-02-19,74.85
ORD-01536,FEEDER-01,3,34.99,2026-02-19,104.97
ORD-01537,BINOC-01,3,189.99,2026-02-19,569.97
ORD-01538,FEEDER-01,3,34.99,2026-02-19,104.97
ORD-01539,BINOC-01,2,189.99,2026-02-19,379.98
ORD-01540,BOOTS-01,3,129.99,2026-02-20,389.97
ORD-01540,BINOC-01,1,189.99,2026-02-20,189.99
ORD-01541,CAMERA-01,2,149.99,2026-02-20,299.98
ORD-01542,CAMERA-01,3,149.99,2026-02-20,449.97
ORD-01543,BINOC-01,3,189.99,2026-02-20,569.97
ORD-01544,BINOC-01,3,189.99,2026-02-20,569.97
ORD-01544,CAMERA-01,3,149.99,2026-02-20,449.97
ORD-01545,SEED-01,1,12.99,2026-02-20,12.99
ORD-01546,JOURNAL-01,1,18.99,2026-02-20,18.99
ORD-01546,CAMERA-01,1,149.99,2026-02-20,149.99
ORD-01547,GUIDE-01,3,24.95,2026-02-20,74.85
ORD-01547,FEEDER-01,3,34.99,2026-02-20,104.97
ORD-01547,JOURNAL-01,2,18.99,2026-02-20,37.98
ORD-01548,SEED-01,2,12.99,2026-02-20,25.98
ORD-01548,JOURNAL-01,1,18.99,2026-02-20,18.99
ORD-01549,JOURNAL-01,2,18.99,2026-02-20,37.98
ORD-01550,BOOTS-01,3,129.99,2026-02-20,389.97
ORD-01550,GUIDE-01,1,24.95,2026-02-20,24.95
ORD-01551,BINOC-01,2,189.99,2026-02-20,379.98
ORD-01551,CAMERA-01,2,149.99,2026-02-20,299.98
ORD-01552,CAMERA-01,1,149.99,2026-02-20,149.99
ORD-01553,GUIDE-01,2,24.95,2026-02-20,49.9
ORD-01553,BINOC-01,2,189.99,2026-02-20,379.98
ORD-01554,SCOPE-01,1,279.99,2026-02-20,279.99
ORD-01554,SEED-01,3,12.99,2026-02-20,38.97
ORD-01555,BOOTS-01,3,129.99,2026-02-20,389.97
ORD-01555,FEEDER-01,2,34.99,2026-02-20,69.98
ORD-01555,SCOPE-01,2,279.99,2026-02-20,559.98
ORD-01556,FEEDER-01,3,34.99,2026-02-20,104.97
ORD-01557,BINOC-01,1,189.99,2026-02-20,189.99
ORD-01557,FEEDER-01,1,34.99,2026-02-20,34.99
ORD-01557,GUIDE-01,3,24.95,2026-02-20,74.85
ORD-01558,JOURNAL-01,1,18.99,2026-02-20,18.99
ORD-01559,BOOTS-01,3,129.99,2026-02-20,389.97
ORD-01560,JOURNAL-01,3,18.99,2026-02-20,56.97
ORD-01560,SCOPE-01,2,279.99,2026-02-20,559.98
ORD-01561,GUIDE-01,3,24.95,2026-02-20,74.85
ORD-01562,SCOPE-01,1,279.99,2026-02-20,279.99
ORD-01562,BINOC-01,2,189.99,2026-02-20,379.98
ORD-01563,FEEDER-01,2,34.99,2026-02-20,69.98
ORD-01564,JOURNAL-01,2,18.99,2026-02-21,37.98
ORD-01564,CAMERA-01,1,149.99,2026-02-21,149.99
ORD-01565,CAMERA-01,1,149.99,2026-02-21,149.99
ORD-01565,BOOTS-01,2,129.99,2026-02-21,259.98
ORD-01566,JOURNAL-01,1,18.99,2026-02-21,18.99
ORD-01566,BOOTS-01,3,129.99,2026-02-21,389.97
ORD-01567,JOURNAL-01,3,18.99,2026-02-21,56.97
ORD-01567,BINOC-01,2,189.99,2026-02-21,379.98
ORD-01568,FEEDER-01,2,34.99,2026-02-21,69.98
ORD-01568,BINOC-01,1,189.99,2026-02-21,189.99
ORD-01569,GUIDE-01,3,24.95,2026-02-21,74.85
ORD-01570,SCOPE-01,1,279.99,2026-02-21,279.99
ORD-01571,SEED-01,2,12.99,2026-02-21,25.98
ORD-01572,SEED-01,1,12.99,2026-02-21,12.99
ORD-01573,GUIDE-01,2,24.95,2026-02-21,49.9
ORD-01574,JOURNAL-01,1,18.99,2026-02-21,18.99
ORD-01575,SCOPE-01,3,279.99,2026-02-21,839.97
ORD-01576,SCOPE-01,2,279.99,2026-02-21,559.98
ORD-01577,JOURNAL-01,2,18.99,2026-02-21,37.98
ORD-01578,BOOTS-01,3,129.99,2026-02-21,389.97
ORD-01578,SEED-01,1,12.99,2026-02-21,12.99
ORD-01579,GUIDE-01,2,24.95,2026-02-21,49.9
ORD-01579,FEEDER-01,2,34.99,2026-02-21,69.98
ORD-01580,GUIDE-01,1,24.95,2026-02-21,24.95
ORD-01581,SEED-01,2,12.99,2026-02-21,25.98
ORD-01582,FEEDER-01,2,34.99,2026-02-21,69.98
ORD-01583,BOOTS-01,3,129.99,2026-02-21,389.97
ORD-01584,BOOTS-01,1,129.99,2026-02-21,129.99
ORD-01584,CAMERA-01,1,149.99,2026-02-21,149.99
ORD-01585,JOURNAL-01,2,18.99,2026-02-21,37.98
ORD-01586,JOURNAL-01,2,18.99,2026-02-21,37.98
ORD-01586,CAMERA-01,2,149.99,2026-02-21,299.98
ORD-01587,GUIDE-01,2,24.95,2026-02-21,49.9
ORD-01588,BOOTS-01,2,129.99,2026-02-21,259.98
ORD-01589,JOURNAL-01,2,18.99,2026-02-21,37.98
ORD-01590,CAMERA-01,3,149.99,2026-02-21,449.97
ORD-01591,SCOPE-01,2,279.99,2026-02-21,559.98
ORD-01591,BOOTS-01,2,129.99,2026-02-21,259.98
ORD-01592,BOOTS-01,3,129.99,2026-02-21,389.97
ORD-01593,GUIDE-01,1,24.95,2026-02-21,24.95
ORD-01593,SCOPE-01,3,279.99,2026-02-21,839.97
ORD-01593,SEED-01,2,12.99,2026-02-21,25.98
ORD-01594,BOOTS-01,3,129.99,2026-02-21,389.97
ORD-01594,CAMERA-01,1,149.99,2026-02-21,149.99
ORD-01594,GUIDE-01,2,24.95,2026-02-21,49.9
ORD-01595,GUIDE-01,2,24.95,2026-02-21,49.9
ORD-01595,SCOPE-01,1,279.99,2026-02-21,279.99
ORD-01596,GUIDE-01,3,24.95,2026-02-21,74.85
ORD-01597,JOURNAL-01,1,18.99,2026-02-21,18.99
ORD-01598,CAMERA-01,3,149.99,2026-02-21,449.97
ORD-01599,JOURNAL-01,3,18.99,2026-02-21,56.97
ORD-01600,SCOPE-01,3,279.99,2026-02-21,839.97
ORD-01601,FEEDER-01,3,34.99,2026-02-21,104.97
ORD-01601,BINOC-01,3,189.99,2026-02-21,569.97
ORD-01601,CAMERA-01,2,149.99,2026-02-21,299.98
ORD-01602,BINOC-01,3,189.99,2026-02-21,569.97
ORD-01603,JOURNAL-01,2,18.99,2026-02-22,37.98
ORD-01603,CAMERA-01,2,149.99,2026-02-22,299.98
ORD-01604,FEEDER-01,2,34.99,2026-02-22,69.98
ORD-01605,BOOTS-01,2,129.99,2026-02-22,259.98
ORD-01606,CAMERA-01,3,149.99,2026-02-22,449.97
ORD-01607,GUIDE-01,1,24.95,2026-02-22,24.95
ORD-01607,CAMERA-01,2,149.99,2026-02-22,299.98
ORD-01608,JOURNAL-01,1,18.99,2026-02-22,18.99
ORD-01609,GUIDE-01,2,24.95,2026-02-22,49.9
ORD-01610,CAMERA-01,1,149.99,2026-02-22,149.99
ORD-01611,SCOPE-01,1,279.99,2026-02-22,279.99
ORD-01611,BOOTS-01,2,129.99,2026-02-22,259.98
ORD-01612,CAMERA-01,1,149.99,2026-02-22,149.99
ORD-01612,GUIDE-01,2,24.95,2026-02-22,49.9
ORD-01613,FEEDER-01,1,34.99,2026-02-22,34.99
ORD-01614,FEEDER-01,1,34.99,2026-02-22,34.99
ORD-01614,SCOPE-01,3,279.99,2026-02-22,839.97
ORD-01615,GUIDE-01,3,24.95,2026-02-22,74.85
ORD-01616,JOURNAL-01,2,18.99,2026-02-22,37.98
ORD-01617,JOURNAL-01,3,18.99,2026-02-22,56.97
ORD-01618,JOURNAL-01,2,18.99,2026-02-22,37.98
ORD-01619,BOOTS-01,2,129.99,2026-02-22,259.98
ORD-01620,JOURNAL-01,3,18.99,2026-02-22,56.97
ORD-01620,BINOC-01,1,189.99,2026-02-22,189.99
ORD-01621,FEEDER-01,3,34.99,2026-02-22,104.97
ORD-01622,GUIDE-01,2,24.95,2026-02-22,49.9
ORD-01623,CAMERA-01,1,149.99,2026-02-22,149.99
ORD-01624,CAMERA-01,3,149.99,2026-02-22,449.97
ORD-01625,SCOPE-01,3,279.99,2026-02-22,839.97
ORD-01625,SEED-01,2,12.99,2026-02-22,25.98
ORD-01625,BOOTS-01,3,129.99,2026-02-22,389.97
ORD-01626,SCOPE-01,2,279.99,2026-02-22,559.98
ORD-01627,SEED-01,3,12.99,2026-02-22,38.97
ORD-01627,CAMERA-01,1,149.99,2026-02-22,149.99
ORD-01628,SCOPE-01,1,279.99,2026-02-22,279.99
ORD-01628,BINOC-01,2,189.99,2026-02-22,379.98
ORD-01629,SCOPE-01,3,279.99,2026-02-22,839.97
ORD-01630,JOURNAL-01,2,18.99,2026-02-22,37.98
ORD-01631,JOURNAL-01,1,18.99,2026-02-22,18.99
ORD-01631,BOOTS-01,2,129.99,2026-02-22,259.98
ORD-01632,GUIDE-01,1,24.95,2026-02-22,24.95
ORD-01632,SEED-01,2,12.99,2026-02-22,25.98
ORD-01633,GUIDE-01,2,24.95,2026-02-22,49.9
ORD-01634,BINOC-01,2,189.99,2026-02-22,379.98
ORD-01634,JOURNAL-01,1,18.99,2026-02-22,18.99
ORD-01635,BOOTS-01,2,129.99,2026-02-22,259.98
ORD-01636,CAMERA-01,2,149.99,2026-02-22,299.98
ORD-01636,BOOTS-01,2,129.99,2026-02-22,259.98
ORD-01636,SCOPE-01,3,279.99,2026-02-22,839.97
ORD-01637,CAMERA-01,1,149.99,2026-02-22,149.99
ORD-01637,FEEDER-01,3,34.99,2026-02-22,104.97
ORD-01638,BOOTS-01,2,129.99,2026-02-22,259.98
ORD-01639,BOOTS-01,3,129.99,2026-02-22,389.97
ORD-01640,CAMERA-01,3,149.99,2026-02-22,449.97
ORD-01641,CAMERA-01,3,149.99,2026-02-22,449.97
ORD-01641,SEED-01,1,12.99,2026-02-22,12.99
ORD-01642,SEED-01,3,12.99,2026-02-22,38.97
ORD-01642,JOURNAL-01,2,18.99,2026-02-22,37.98
ORD-01643,BINOC-01,3,189.99,2026-02-23,569.97
ORD-01643,JOURNAL-01,2,18.99,2026-02-23,37.98
ORD-01644,JOURNAL-01,3,18.99,2026-02-23,56.97
ORD-01644,BINOC-01,3,189.99,2026-02-23,569.97
ORD-01645,SEED-01,1,12.99,2026-02-23,12.99
ORD-01645,JOURNAL-01,2,18.99,2026-02-23,37.98
ORD-01646,FEEDER-01,2,34.99,2026-02-23,69.98
ORD-01647,FEEDER-01,1,34.99,2026-02-23,34.99
ORD-01647,JOURNAL-01,3,18.99,2026-02-23,56.97
ORD-01647,CAMERA-01,3,149.99,2026-02-23,449.97
ORD-01648,JOURNAL-01,3,18.99,2026-02-23,56.97
ORD-01648,FEEDER-01,1,34.99,2026-02-23,34.99
ORD-01649,BOOTS-01,1,129.99,2026-02-23,129.99
ORD-01649,JOURNAL-01,3,18.99,2026-02-23,56.97
ORD-01650,SEED-01,3,12.99,2026-02-23,38.97
ORD-01651,SCOPE-01,2,279.99,2026-02-23,559.98
ORD-01651,CAMERA-01,2,149.99,2026-02-23,299.98
ORD-01652,FEEDER-01,2,34.99,2026-02-23,69.98
ORD-01652,CAMERA-01,1,149.99,2026-02-23,149.99
ORD-01653,GUIDE-01,1,24.95,2026-02-23,24.95
ORD-01653,SCOPE-01,1,279.99,2026-02-23,279.99
ORD-01653,FEEDER-01,3,34.99,2026-02-23,104.97
ORD-01654,BOOTS-01,3,129.99,2026-02-23,389.97
ORD-01655,GUIDE-01,3,24.95,2026-02-23,74.85
ORD-01656,JOURNAL-01,2,18.99,2026-02-23,37.98
ORD-01656,BOOTS-01,1,129.99,2026-02-23,129.99
ORD-01657,FEEDER-01,3,34.99,2026-02-23,104.97
ORD-01657,BOOTS-01,3,129.99,2026-02-23,389.97
ORD-01658,SCOPE-01,2,279.99,2026-02-23,559.98
ORD-01659,SCOPE-01,3,279.99,2026-02-23,839.97
ORD-01659,SEED-01,1,12.99,2026-02-23,12.99
ORD-01659,BINOC-01,3,189.99,2026-02-23,569.97
ORD-01660,SCOPE-01,3,279.99,2026-02-23,839.97
ORD-01660,JOURNAL-01,2,18.99,2026-02-23,37.98
ORD-01660,BINOC-01,1,189.99,2026-02-23,189.99
ORD-01661,BOOTS-01,2,129.99,2026-02-23,259.98
ORD-01661,CAMERA-01,2,149.99,2026-02-23,299.98
ORD-01661,GUIDE-01,2,24.95,2026-02-23,49.9
ORD-01662,GUIDE-01,2,24.95,2026-02-23,49.9
ORD-01662,SEED-01,2,12.99,2026-02-23,25.98
ORD-01663,BINOC-01,3,189.99,2026-02-23,569.97
ORD-01663,CAMERA-01,2,149.99,2026-02-23,299.98
ORD-01663,JOURNAL-01,1,18.99,2026-02-23,18.99
ORD-01664,GUIDE-01,2,24.95,2026-02-23,49.9
ORD-01665,JOURNAL-01,1,18.99,2026-02-23,18.99
ORD-01666,GUIDE-01,1,24.95,2026-02-23,24.95
ORD-01666,SCOPE-01,2,279.99,2026-02-23,559.98
ORD-01666,CAMERA-01,1,149.99,2026-02-23,149.99
ORD-01667,SEED-01,2,12.99,2026-02-23,25.98
ORD-01667,BINOC-01,3,189.99,2026-02-23,569.97
ORD-01668,GUIDE-01,3,24.95,2026-02-23,74.85
ORD-01668,BINOC-01,2,189.99,2026-02-23,379.98
ORD-01668,BOOTS-01,3,129.99,2026-02-23,389.97
ORD-01669,BOOTS-01,3,129.99,2026-02-23,389.97
ORD-01669,CAMERA-01,1,149.99,2026-02-23,149.99
ORD-01670,BINOC-01,2,189.99,2026-02-23,379.98
ORD-01670,FEEDER-01,1,34.99,2026-02-23,34.99
ORD-01671,BOOTS-01,3,129.99,2026-02-23,389.97
ORD-01672,BINOC-01,3,189.99,2026-02-23,569.97
ORD-01672,CAMERA-01,2,149.99,2026-02-23,299.98
ORD-01673,JOURNAL-01,1,18.99,2026-02-23,18.99
ORD-01673,SCOPE-01,2,279.99,2026-02-23,559.98
ORD-01674,JOURNAL-01,1,18.99,2026-02-23,18.99
ORD-01675,FEEDER-01,2,34.99,2026-02-23,69.98
ORD-01675,BINOC-01,2,189.99,2026-02-23,379.98
ORD-01676,GUIDE-01,3,24.95,2026-02-23,74.85
ORD-01676,BOOTS-01,3,129.99,2026-02-23,389.97
ORD-01676,FEEDER-01,1,34.99,2026-02-23,34.99
ORD-01677,BINOC-01,3,189.99,2026-02-23,569.97
ORD-01678,CAMERA-01,3,149.99,2026-02-23,449.97
ORD-01678,GUIDE-01,1,24.95,2026-02-23,24.95
ORD-01679,GUIDE-01,3,24.95,2026-02-23,74.85
ORD-01679,BOOTS-01,3,129.99,2026-02-23,389.97
ORD-01680,FEEDER-01,1,34.99,2026-02-24,34.99
ORD-01680,BINOC-01,3,189.99,2026-02-24,569.97
ORD-01680,CAMERA-01,3,149.99,2026-02-24,449.97
ORD-01681,JOURNAL-01,2,18.99,2026-02-24,37.98
ORD-01682,BOOTS-01,3,129.99,2026-02-24,389.97
ORD-01682,GUIDE-01,1,24.95,2026-02-24,24.95
ORD-01683,SEED-01,3,12.99,2026-02-24,38.97
ORD-01684,SEED-01,1,12.99,2026-02-24,12.99
ORD-01685,BOOTS-01,2,129.99,2026-02-24,259.98
ORD-01685,SCOPE-01,2,279.99,2026-02-24,559.98
ORD-01686,BOOTS-01,2,129.99,2026-02-24,259.98
ORD-01686,CAMERA-01,1,149.99,2026-02-24,149.99
ORD-01687,FEEDER-01,3,34.99,2026-02-24,104.97
ORD-01688,BINOC-01,1,189.99,2026-02-24,189.99
ORD-01688,GUIDE-01,2,24.95,2026-02-24,49.9
ORD-01688,JOURNAL-01,3,18.99,2026-02-24,56.97
ORD-01689,GUIDE-01,2,24.95,2026-02-24,49.9
ORD-01690,FEEDER-01,1,34.99,2026-02-24,34.99
ORD-01690,BINOC-01,1,189.99,2026-02-24,189.99
ORD-01690,SEED-01,2,12.99,2026-02-24,25.98
ORD-01691,BINOC-01,2,189.99,2026-02-24,379.98
ORD-01692,JOURNAL-01,3,18.99,2026-02-24,56.97
ORD-01692,BOOTS-01,2,129.99,2026-02-24,259.98
ORD-01693,GUIDE-01,2,24.95,2026-02-24,49.9
ORD-01694,FEEDER-01,3,34.99,2026-02-24,104.97
ORD-01695,GUIDE-01,2,24.95,2026-02-24,49.9
ORD-01695,SEED-01,3,12.99,2026-02-24,38.97
ORD-01695,CAMERA-01,3,149.99,2026-02-24,449.97
ORD-01696,FEEDER-01,3,34.99,2026-02-24,104.97
ORD-01696,GUIDE-01,2,24.95,2026-02-24,49.9
ORD-01697,BOOTS-01,1,129.99,2026-02-24,129.99
ORD-01697,BINOC-01,1,189.99,2026-02-24,189.99
ORD-01698,FEEDER-01,3,34.99,2026-02-24,104.97
ORD-01698,BOOTS-01,1,129.99,2026-02-24,129.99
ORD-01698,SEED-01,2,12.99,2026-02-24,25.98
ORD-01699,GUIDE-01,1,24.95,2026-02-24,24.95
ORD-01699,BINOC-01,3,189.99,2026-02-24,569.97
ORD-01700,BINOC-01,1,189.99,2026-02-24,189.99
ORD-01701,SCOPE-01,3,279.99,2026-02-24,839.97
ORD-01702,SEED-01,2,12.99,2026-02-24,25.98
ORD-01702,FEEDER-01,1,34.99,2026-02-24,34.99
ORD-01703,SEED-01,1,12.99,2026-02-24,12.99
ORD-01703,SCOPE-01,1,279.99,2026-02-24,279.99
ORD-01704,JOURNAL-01,2,18.99,2026-02-24,37.98
ORD-01705,SEED-01,3,12.99,2026-02-24,38.97
ORD-01705,SCOPE-01,3,279.99,2026-02-24,839.97
ORD-01706,CAMERA-01,3,149.99,2026-02-24,449.97
ORD-01707,CAMERA-01,3,149.99,2026-02-24,449.97
ORD-01708,GUIDE-01,2,24.95,2026-02-24,49.9
ORD-01709,FEEDER-01,3,34.99,2026-02-24,104.97
ORD-01709,CAMERA-01,3,149.99,2026-02-24,449.97
ORD-01710,BINOC-01,1,189.99,2026-02-24,189.99
ORD-01711,SCOPE-01,2,279.99,2026-02-24,559.98
ORD-01712,GUIDE-01,3,24.95,2026-02-24,74.85
ORD-01712,JOURNAL-01,3,18.99,2026-02-24,56.97
ORD-01712,BINOC-01,3,189.99,2026-02-24,569.97
ORD-01713,BOOTS-01,1,129.99,2026-02-24,129.99
ORD-01713,GUIDE-01,2,24.95,2026-02-24,49.9
ORD-01714,FEEDER-01,3,34.99,2026-02-25,104.97
ORD-01715,BINOC-01,1,189.99,2026-02-25,189.99
ORD-01716,BINOC-01,2,189.99,2026-02-25,379.98
ORD-01717,CAMERA-01,2,149.99,2026-02-25,299.98
ORD-01718,SEED-01,1,12.99,2026-02-25,12.99
ORD-01718,GUIDE-01,3,24.95,2026-02-25,74.85
ORD-01719,SCOPE-01,1,279.99,2026-02-25,279.99
ORD-01720,SEED-01,3,12.99,2026-02-25,38.97
ORD-01721,CAMERA-01,3,149.99,2026-02-25,449.97
ORD-01721,GUIDE-01,2,24.95,2026-02-25,49.9
ORD-01722,BOOTS-01,1,129.99,2026-02-25,129.99
ORD-01722,SCOPE-01,1,279.99,2026-02-25,279.99
ORD-01722,SEED-01,1,12.99,2026-02-25,12.99
ORD-01723,BINOC-01,2,189.99,2026-02-25,379.98
ORD-01723,FEEDER-01,3,34.99,2026-02-25,104.97
ORD-01723,SEED-01,3,12.99,2026-02-25,38.97
ORD-01724,SCOPE-01,2,279.99,2026-02-25,559.98
ORD-01724,BINOC-01,3,189.99,2026-02-25,569.97
ORD-01724,CAMERA-01,3,149.99,2026-02-25,449.97
ORD-01725,BOOTS-01,3,129.99,2026-02-25,389.97
ORD-01726,JOURNAL-01,1,18.99,2026-02-25,18.99
ORD-01726,BOOTS-01,3,129.99,2026-02-25,389.97
ORD-01726,BINOC-01,2,189.99,2026-02-25,379.98
ORD-01727,BOOTS-01,3,129.99,2026-02-25,389.97
ORD-01728,SCOPE-01,2,279.99,2026-02-25,559.98
ORD-01729,FEEDER-01,3,34.99,2026-02-25,104.97
ORD-01729,SEED-01,1,12.99,2026-02-25,12.99
ORD-01729,BINOC-01,3,189.99,2026-02-25,569.97
ORD-01730,FEEDER-01,3,34.99,2026-02-25,104.97
ORD-01730,SEED-01,1,12.99,2026-02-25,12.99
ORD-01731,GUIDE-01,1,24.95,2026-02-25,24.95
ORD-01732,SCOPE-01,2,279.99,2026-02-25,559.98
ORD-01733,SCOPE-01,2,279.99,2026-02-25,559.98
ORD-01733,GUIDE-01,2,24.95,2026-02-25,49.9
ORD-01734,BOOTS-01,1,129.99,2026-02-25,129.99
ORD-01735,FEEDER-01,1,34.99,2026-02-25,34.99
ORD-01735,CAMERA-01,1,149.99,2026-02-25,149.99
ORD-01736,SCOPE-01,2,279.99,2026-02-25,559.98
ORD-01737,SCOPE-01,1,279.99,2026-02-25,279.99
ORD-01738,CAMERA-01,2,149.99,2026-02-25,299.98
ORD-01739,FEEDER-01,2,34.99,2026-02-25,69.98
ORD-01739,CAMERA-01,3,149.99,2026-02-25,449.97
ORD-01739,SCOPE-01,3,279.99,2026-02-25,839.97
ORD-01740,BOOTS-01,2,129.99,2026-02-25,259.98
ORD-01740,JOURNAL-01,1,18.99,2026-02-25,18.99
ORD-01741,BOOTS-01,2,129.99,2026-02-25,259.98
ORD-01742,BINOC-01,3,189.99,2026-02-25,569.97
ORD-01743,GUIDE-01,1,24.95,2026-02-25,24.95
ORD-01744,BOOTS-01,1,129.99,2026-02-26,129.99
ORD-01744,BINOC-01,1,189.99,2026-02-26,189.99
ORD-01744,CAMERA-01,1,149.99,2026-02-26,149.99
ORD-01745,BOOTS-01,1,129.99,2026-02-26,129.99
ORD-01746,JOURNAL-01,2,18.99,2026-02-26,37.98
ORD-01747,FEEDER-01,3,34.99,2026-02-26,104.97
ORD-01747,SEED-01,2,12.99,2026-02-26,25.98
ORD-01748,FEEDER-01,1,34.99,2026-02-26,34.99
ORD-01748,BINOC-01,3,189.99,2026-02-26,569.97
ORD-01748,JOURNAL-01,2,18.99,2026-02-26,37.98
ORD-01749,FEEDER-01,2,34.99,2026-02-26,69.98
ORD-01749,JOURNAL-01,1,18.99,2026-02-26,18.99
ORD-01750,CAMERA-01,1,149.99,2026-02-26,149.99
ORD-01751,JOURNAL-01,3,18.99,2026-02-26,56.97
ORD-01752,BINOC-01,2,189.99,2026-02-26,379.98
ORD-01753,GUIDE-01,1,24.95,2026-02-26,24.95
ORD-01753,CAMERA-01,1,149.99,2026-02-26,149.99
ORD-01754,CAMERA-01,1,149.99,2026-02-26,149.99
ORD-01755,BOOTS-01,3,129.99,2026-02-26,389.97
ORD-01756,JOURNAL-01,3,18.99,2026-02-26,56.97
ORD-01757,FEEDER-01,2,34.99,2026-02-26,69.98
ORD-01758,JOURNAL-01,1,18.99,2026-02-26,18.99
ORD-01759,BOOTS-01,3,129.99,2026-02-26,389.97
ORD-01759,SCOPE-01,1,279.99,2026-02-26,279.99
ORD-01760,SCOPE-01,2,279.99,2026-02-26,559.98
ORD-01760,BOOTS-01,2,129.99,2026-02-26,259.98
ORD-01760,SEED-01,3,12.99,2026-02-26,38.97
ORD-01761,JOURNAL-01,1,18.99,2026-02-26,18.99
ORD-01761,GUIDE-01,1,24.95,2026-02-26,24.95
ORD-01762,BOOTS-01,1,129.99,2026-02-26,129.99
ORD-01763,SEED-01,3,12.99,2026-02-26,38.97
ORD-01763,BINOC-01,2,189.99,2026-02-26,379.98
ORD-01763,BOOTS-01,3,129.99,2026-02-26,389.97
ORD-01764,GUIDE-01,3,24.95,2026-02-26,74.85
ORD-01764,BINOC-01,1,189.99,2026-02-26,189.99
ORD-01764,FEEDER-01,2,34.99,2026-02-26,69.98
ORD-01765,BINOC-01,1,189.99,2026-02-26,189.99
ORD-01765,JOURNAL-01,3,18.99,2026-02-26,56.97
ORD-01766,JOURNAL-01,1,18.99,2026-02-26,18.99
ORD-01766,GUIDE-01,1,24.95,2026-02-26,24.95
ORD-01767,SCOPE-01,3,279.99,2026-02-26,839.97
ORD-01768,BINOC-01,3,189.99,2026-02-26,569.97
ORD-01768,SCOPE-01,2,279.99,2026-02-26,559.98
ORD-01769,GUIDE-01,2,24.95,2026-02-26,49.9
ORD-01769,SEED-01,3,12.99,2026-02-26,38.97
ORD-01769,FEEDER-01,2,34.99,2026-02-26,69.98
ORD-01770,BINOC-01,1,189.99,2026-02-26,189.99
ORD-01771,BOOTS-01,1,129.99,2026-02-26,129.99
ORD-01772,BINOC-01,3,189.99,2026-02-26,569.97
ORD-01772,GUIDE-01,1,24.95,2026-02-26,24.95
ORD-01773,SCOPE-01,1,279.99,2026-02-26,279.99
ORD-01773,CAMERA-01,2,149.99,2026-02-26,299.98
ORD-01774,GUIDE-01,3,24.95,2026-02-26,74.85
ORD-01775,GUIDE-01,1,24.95,2026-02-26,24.95
ORD-01775,JOURNAL-01,3,18.99,2026-02-26,56.97
ORD-01776,SCOPE-01,2,279.99,2026-02-27,559.98
ORD-01776,CAMERA-01,3,149.99,2026-02-27,449.97
ORD-01776,JOURNAL-01,1,18.99,2026-02-27,18.99
ORD-01777,SCOPE-01,1,279.99,2026-02-27,279.99
ORD-01778,JOURNAL-01,2,18.99,2026-02-27,37.98
ORD-01778,CAMERA-01,3,149.99,2026-02-27,449.97
ORD-01778,SCOPE-01,2,279.99,2026-02-27,559.98
ORD-01779,SCOPE-01,1,279.99,2026-02-27,279.99
ORD-01780,GUIDE-01,2,24.95,2026-02-27,49.9
ORD-01780,BOOTS-01,3,129.99,2026-02-27,389.97
ORD-01781,GUIDE-01,3,24.95,2026-02-27,74.85
ORD-01781,FEEDER-01,1,34.99,2026-02-27,34.99
ORD-01782,JOURNAL-01,1,18.99,2026-02-27,18.99
ORD-01782,CAMERA-01,1,149.99,2026-02-27,149.99
ORD-01782,SEED-01,3,12.99,2026-02-27,38.97
ORD-01783,BOOTS-01,3,129.99,2026-02-27,389.97
ORD-01784,CAMERA-01,2,149.99,2026-02-27,299.98
ORD-01784,FEEDER-01,3,34.99,2026-02-27,104.97
ORD-01785,SCOPE-01,2,279.99,2026-02-27,559.98
ORD-01786,FEEDER-01,3,34.99,2026-02-27,104.97
ORD-01787,SCOPE-01,1,279.99,2026-02-27,279.99
ORD-01787,BOOTS-01,2,129.99,2026-02-27,259.98
ORD-01788,FEEDER-01,2,34.99,2026-02-27,69.98
ORD-01789,FEEDER-01,3,34.99,2026-02-27,104.97
ORD-01790,JOURNAL-01,2,18.99,2026-02-27,37.98
ORD-01791,GUIDE-01,2,24.95,2026-02-27,49.9
ORD-01791,BOOTS-01,2,129.99,2026-02-27,259.98
ORD-01792,JOURNAL-01,1,18.99,2026-02-27,18.99
ORD-01793,BOOTS-01,2,129.99,2026-02-27,259.98
ORD-01793,FEEDER-01,1,34.99,2026-02-27,34.99
ORD-01794,BINOC-01,1,189.99,2026-02-27,189.99
ORD-01794,GUIDE-01,2,24.95,2026-02-27,49.9
ORD-01795,FEEDER-01,1,34.99,2026-02-27,34.99
ORD-01796,JOURNAL-01,1,18.99,2026-02-27,18.99
ORD-01797,FEEDER-01,3,34.99,2026-02-27,104.97
ORD-01797,GUIDE-01,3,24.95,2026-02-27,74.85
ORD-01798,BINOC-01,1,189.99,2026-02-27,189.99
ORD-01798,BOOTS-01,3,129.99,2026-02-27,389.97
ORD-01798,SCOPE-01,2,279.99,2026-02-27,559.98
ORD-01799,FEEDER-01,2,34.99,2026-02-27,69.98
ORD-01800,BOOTS-01,2,129.99,2026-02-27,259.98
ORD-01801,SEED-01,2,12.99,2026-02-27,25.98
ORD-01801,SCOPE-01,2,279.99,2026-02-27,559.98
ORD-01802,BINOC-01,2,189.99,2026-02-27,379.98
ORD-01803,CAMERA-01,1,149.99,2026-02-27,149.99
ORD-01803,FEEDER-01,2,34.99,2026-02-27,69.98
ORD-01804,FEEDER-01,2,34.99,2026-02-27,69.98
ORD-01805,CAMERA-01,1,149.99,2026-02-27,149.99
ORD-01805,FEEDER-01,1,34.99,2026-02-27,34.99
ORD-01806,SEED-01,1,12.99,2026-02-27,12.99
ORD-01807,SEED-01,2,12.99,2026-02-28,25.98
ORD-01807,JOURNAL-01,2,18.99,2026-02-28,37.98
ORD-01808,SEED-01,1,12.99,2026-02-28,12.99
ORD-01809,JOURNAL-01,2,18.99,2026-02-28,37.98
ORD-01809,FEEDER-01,2,34.99,2026-02-28,69.98
ORD-01810,CAMERA-01,1,149.99,2026-02-28,149.99
ORD-01811,CAMERA-01,2,149.99,2026-02-28,299.98
ORD-01812,SEED-01,3,12.99,2026-02-28,38.97
ORD-01813,FEEDER-01,1,34.99,2026-02-28,34.99
ORD-01814,JOURNAL-01,3,18.99,2026-02-28,56.97
ORD-01814,CAMERA-01,1,149.99,2026-02-28,149.99
ORD-01815,JOURNAL-01,3,18.99,2026-02-28,56.97
ORD-01815,CAMERA-01,2,149.99,2026-02-28,299.98
ORD-01816,CAMERA-01,2,149.99,2026-02-28,299.98
ORD-01816,SEED-01,2,12.99,2026-02-28,25.98
ORD-01816,FEEDER-01,1,34.99,2026-02-28,34.99
ORD-01817,BINOC-01,3,189.99,2026-02-28,569.97
ORD-01818,GUIDE-01,2,24.95,2026-02-28,49.9
ORD-01818,BINOC-01,1,189.99,2026-02-28,189.99
ORD-01819,GUIDE-01,1,24.95,2026-02-28,24.95
ORD-01819,FEEDER-01,1,34.99,2026-02-28,34.99
ORD-01819,JOURNAL-01,2,18.99,2026-02-28,37.98
ORD-01820,JOURNAL-01,1,18.99,2026-02-28,18.99
ORD-01821,GUIDE-01,2,24.95,2026-02-28,49.9
ORD-01821,JOURNAL-01,2,18.99,2026-02-28,37.98
ORD-01821,SEED-01,3,12.99,2026-02-28,38.97
ORD-01822,FEEDER-01,3,34.99,2026-02-28,104.97
ORD-01822,BINOC-01,2,189.99,2026-02-28,379.98
ORD-01822,BOOTS-01,3,129.99,2026-02-28,389.97
ORD-01823,SEED-01,3,12.99,2026-02-28,38.97
ORD-01824,BINOC-01,3,189.99,2026-02-28,569.97
ORD-01825,JOURNAL-01,2,18.99,2026-02-28,37.98
ORD-01825,BINOC-01,1,189.99,2026-02-28,189.99
ORD-01826,FEEDER-01,1,34.99,2026-02-28,34.99
ORD-01827,FEEDER-01,2,34.99,2026-02-28,69.98
ORD-01827,JOURNAL-01,3,18.99,2026-02-28,56.97
ORD-01828,JOURNAL-01,3,18.99,2026-02-28,56.97
ORD-01828,GUIDE-01,2,24.95,2026-02-28,49.9
ORD-01828,BOOTS-01,3,129.99,2026-02-28,389.97
ORD-01829,BINOC-01,2,189.99,2026-02-28,379.98
ORD-01829,FEEDER-01,2,34.99,2026-02-28,69.98
ORD-01830,JOURNAL-01,1,18.99,2026-02-28,18.99
ORD-01831,SCOPE-01,3,279.99,2026-02-28,839.97
ORD-01832,CAMERA-01,2,149.99,2026-02-28,299.98
ORD-01833,BINOC-01,2,189.99,2026-02-28,379.98
ORD-01833,GUIDE-01,2,24.95,2026-02-28,49.9
ORD-01833,JOURNAL-01,2,18.99,2026-02-28,37.98
ORD-01834,FEEDER-01,1,34.99,2026-02-28,34.99
ORD-01834,JOURNAL-01,2,18.99,2026-02-28,37.98
ORD-01834,CAMERA-01,3,149.99,2026-02-28,449.97
ORD-01835,SCOPE-01,2,279.99,2026-02-28,559.98
ORD-01836,FEEDER-01,2,34.99,2026-02-28,69.98
ORD-01836,CAMERA-01,1,149.99,2026-02-28,149.99
ORD-01837,JOURNAL-01,3,18.99,2026-02-28,56.97
ORD-01837,SCOPE-01,2,279.99,2026-02-28,559.98
ORD-01837,BOOTS-01,1,129.99,2026-02-28,129.99
ORD-01838,GUIDE-01,2,24.95,2026-02-28,49.9
ORD-01838,BINOC-01,3,189.99,2026-02-28,569.97
ORD-01839,GUIDE-01,3,24.95,2026-02-28,74.85
ORD-01839,JOURNAL-01,3,18.99,2026-02-28,56.97
ORD-01840,BOOTS-01,1,129.99,2026-02-28,129.99
ORD-01841,BOOTS-01,2,129.99,2026-02-28,259.98
ORD-01841,BINOC-01,1,189.99,2026-02-28,189.99
